{
  "status": "completed",
  "job_id": "6a4a1cc0-1d08-44c6-85de-37d528599806",
  "user_email": "local_user@localhost",
  "mode": "NSE_ALIGNED_PRODUCTION",
  "regulation_type": "ICDR",
  "drhp_chapter": "CHAPTER_V_ABOUT_COMPANY",
  "drhp_chapter_name": "CHAPTER V \u2013 ABOUT THE COMPANY",
  "document_name": "bheem_ourbusiness.pdf",
  "company_name": "VMS\n       TMT Limited",
  "company_profile": {
    "revenue": 0,
    "employees": 0,
    "business_type": "manufacturing"
  },
  "ipo_structure": {
    "has_convertible_debt": false,
    "has_warrants": false,
    "has_secured_instruments": false,
    "has_sr_shares": false,
    "has_vc_or_pe": false,
    "has_employee_equity": false,
    "mentions_promoter_contribution": false,
    "mentions_lockin": false,
    "has_rights_issue": false,
    "has_qip": false
  },
  "nse_queries": [
    {
      "type": "nse_content_query",
      "page": "179 to 203",
      "observation": "On page no. 179 to 203, it is mentioned utilities for manufacturing. Kindly clarify by: (a) providing the source of power and water (State grid vs Captive vs Private supply); (b) detailing the dependency risk (\u20b9 impact of 1-day outage as % of EBITDA); (c) confirming availability of requisite NOCs/permits for water extraction/discharge. Provide revised draft.",
      "severity": "Material",
      "category": "Operational",
      "regulation_ref": "ICDR Regulations - General Disclosure Standards",
      "missing_elements": [],
      "table_present": false,
      "issue_id": "UTILITIES_POWER_WATER",
      "disclosure_status": "INADEQUATE",
      "materiality": "MINOR",
      "tone": "STANDARD",
      "recommended_section": "Business Overview"
    },
    {
      "type": "nse_content_query",
      "page": "182 to 202",
      "observation": "On page no. 182 to 202, it is mentioned production processes. Kindly clarify the operational cycle by: (a) clarifying the % of scrap/wastage generated and its impact on cost of production (\u20b9/%) and disposal method; (b) confirming if the pictorial flow-chart aligns precisely with the textual steps described (addressing any missing steps like QC/Rework); and (c) reconciling process labels. Provide revised draft and confirm it will be updated in the prospectus.",
      "severity": "Major",
      "category": "Operational",
      "regulation_ref": "ICDR Regulations - General Disclosure Standards",
      "missing_elements": [],
      "table_present": false,
      "issue_id": "OPERATIONAL_SCRAP",
      "disclosure_status": "MISSING",
      "materiality": "MATERIAL",
      "merged_from": 2,
      "tone": "DIRECTIVE",
      "recommended_section": "Business Overview"
    },
    {
      "type": "nse_content_query",
      "page": "178",
      "observation": "On page no. 178, it is mentioned geographic revenue. Kindly provide 3-year comparative tables (\u20b9 lakhs and % of total revenue) showing: (a) state-wise break-up for domestic sales; (b) country-wise break-up for international sales; and (c) reconciliation of these tables with 'Segment Reporting' in Financials. Provide revised draft and confirm that the same shall be updated in prospectus.",
      "severity": "Major",
      "category": "Forensic",
      "regulation_ref": "ICDR Regulations - Disclosure Requirements for Financial Information",
      "missing_elements": [],
      "table_present": false,
      "issue_id": "REVENUE_MODEL_EXPLANATION",
      "disclosure_status": "DISCLOSED",
      "materiality": "MATERIAL",
      "merged_from": 3,
      "tone": "SOFT",
      "recommended_section": "Financial Information"
    },
    {
      "type": "nse_content_query",
      "page": "178",
      "observation": "On page no. 178, it is mentioned supplier dependency. Kindly provide the following in a tabular format (3 FYs + stub period): (a) list of Top 10 suppliers with \u20b9 crores and % contribution to total procurement; (b) details of long-term agreements (validity/renewal); and (c) a corresponding Risk Factor. Provide revised draft along with confirmation.",
      "severity": "Major",
      "category": "Operational",
      "regulation_ref": "ICDR Regulations - General Disclosure Standards",
      "missing_elements": [],
      "table_present": false,
      "issue_id": "SUPPLIER_CONCENTRATION",
      "disclosure_status": "DISCLOSED",
      "materiality": "MATERIAL",
      "tone": "SOFT",
      "recommended_section": "Business Overview"
    },
    {
      "type": "nse_content_query",
      "page": "178",
      "observation": "On page no. 178, it is mentioned CSR activities. Kindly confirm whether the allocated amount was expended and specify the quantum thereof for the past three fiscal years. Further, provide a revised draft along with confirmation that the same will be updated in prospectus",
      "severity": "Material",
      "category": "Compliance",
      "regulation_ref": "ICDR Regulations - General Disclosure Requirements",
      "missing_elements": [],
      "table_present": false,
      "issue_id": "CSR_BUDGET_EXECUTION",
      "disclosure_status": "DISCLOSED",
      "materiality": "MINOR",
      "tone": "SOFT",
      "recommended_section": "Government and Other Approvals"
    },
    {
      "type": "nse_content_query",
      "page": "181",
      "observation": "On page no. 181, it is mentioned the disclosure regarding lease status mandatory. Kindly disclose in a tabular format, details of all properties leased along with details of lessor, lease tenure, lease rent, whether lessor is a related party (including whether a member of the promoter/ promoter group), whether lease deed is adequately stamped/ registered and provide a revised draft along with confirmation that the same shall be updated in prospectus",
      "severity": "Material",
      "category": "Legal",
      "regulation_ref": "ICDR Regulations - General Disclosure Requirements",
      "missing_elements": [],
      "table_present": false,
      "issue_id": "LEASE_STATUS_MANDATORY",
      "disclosure_status": "DISCLOSED",
      "materiality": "MINOR",
      "tone": "SOFT",
      "recommended_section": "Material Contracts and Documents"
    },
    {
      "type": "nse_content_query",
      "page": "179",
      "observation": "On page no. 179, quality assurance processes are discussed. Kindly elaborate on the Company\u2019s quality assurance and control mechanisms. If the Company lacks in-house quality certifications, kindly provide the rationale and consider the inclusion of a risk factor. Further, provide a revised draft along with confirmation.",
      "severity": "Material",
      "category": "Quality",
      "regulation_ref": "ICDR Regulations - General Disclosure Standards",
      "missing_elements": [],
      "table_present": false,
      "issue_id": "QA_INSPECTION_CERT_PROCESS",
      "disclosure_status": "INADEQUATE",
      "materiality": "MINOR",
      "tone": "STANDARD",
      "recommended_section": "Business Overview"
    },
    {
      "type": "nse_content_query",
      "page": "205",
      "observation": "On page no. 205, it is mentioned statutory dues. Kindly provide details of the Company\u2019s contributions towards the Employees\u2019 Provident Fund (EPF) and Employees\u2019 State Insurance Corporation (ESIC) for the past three fiscal years along with confirmation that the same shall be updated in prospectus.",
      "severity": "Material",
      "category": "Compliance",
      "regulation_ref": "ICDR Regulations - General Disclosure Standards",
      "missing_elements": [],
      "table_present": false,
      "issue_id": "EPF_ESIC_COMPLIANCE_NON_PAYMENT",
      "disclosure_status": "INADEQUATE",
      "materiality": "MINOR",
      "tone": "STANDARD",
      "recommended_section": "Government and Other Approvals"
    },
    {
      "type": "nse_content_query",
      "page": "198",
      "observation": "On page no. 198, it is mentioned violations/actions. Kindly disclose in detail, all violations and actions taken by statutory or regulatory authorities against the company. Provide revised draft.",
      "severity": "Material",
      "category": "Compliance",
      "regulation_ref": "ICDR Regulations - General Disclosure Standards",
      "missing_elements": [],
      "table_present": false,
      "issue_id": "REGULATORY_ACTIONS_HISTORY",
      "disclosure_status": "DISCLOSED",
      "materiality": "MINOR",
      "tone": "SOFT",
      "recommended_section": "Government and Other Approvals"
    },
    {
      "type": "nse_content_query",
      "page": "178",
      "observation": "On page no. 178, it is mentioned material litigations. Kindly disclose updated status of other material litigations against the company including any action against the company and any action taken by company to ensure compliance required in terms of litigations. Provide revised draft.",
      "severity": "Material",
      "category": "Legal",
      "regulation_ref": "ICDR Regulations - General Disclosure Standards",
      "missing_elements": [],
      "table_present": false,
      "issue_id": "LITIGATION_COMPLIANCE_STATUS",
      "disclosure_status": "DISCLOSED",
      "materiality": "MINOR",
      "tone": "SOFT",
      "recommended_section": "Outstanding Litigation and Material Developments"
    },
    {
      "type": "nse_content_query",
      "page": "178",
      "observation": "On page no. 178, it is mentioned financial information. Kindly ensure and confirm that all financial information disclosed in DRHP is certified by Chartered accountant/ statutory auditor of the company and such certificates shall form part of material documents available for inspection. Provide revised draft.",
      "severity": "Major",
      "category": "Governance",
      "regulation_ref": "ICDR Regulations - General Disclosure Standards",
      "missing_elements": [],
      "table_present": false,
      "issue_id": "FINANCIAL_CERTIFICATION_MD",
      "disclosure_status": "DISCLOSED",
      "materiality": "MATERIAL",
      "tone": "SOFT",
      "recommended_section": "Financial Information"
    },
    {
      "type": "nse_content_query",
      "page": "178",
      "observation": "On page no. 178, it is mentioned manufacturing verticals. Kindly check for inclusion of details of major verticals split into own manufacturing and contractual manufacturing. Provide \u20b9 and % split for each major product line. Provide revised draft.",
      "severity": "Material",
      "category": "Operational",
      "regulation_ref": "ICDR Regulations - General Disclosure Standards",
      "missing_elements": [],
      "table_present": false,
      "issue_id": "OWN_VS_CONTRACTUAL_MANUFACTURING",
      "disclosure_status": "DISCLOSED",
      "materiality": "MINOR",
      "tone": "SOFT",
      "recommended_section": "Business Overview"
    },
    {
      "type": "nse_content_query",
      "page": "178",
      "observation": "On page no. 178, it has been observed that the pictorial chart and the process flow defined below the same are not in line. Kindly review and share the revised draft along with confirmation that the same shall be updated in prospectus",
      "severity": "Material",
      "category": "Operational",
      "regulation_ref": "ICDR Regulations - General Disclosure Standards",
      "missing_elements": [],
      "table_present": false,
      "issue_id": "PROCESS_FLOW_ALIGNMENT",
      "disclosure_status": "DISCLOSED",
      "materiality": "MINOR",
      "tone": "SOFT",
      "recommended_section": "Business Overview"
    }
  ],
  "nse_engine_gemini_enabled": false,
  "total_queries": 13,
  "internal_stats": {
    "total_checked": 0,
    "total_skipped": 0
  },
  "total_requirements": 13,
  "summary": {
    "total": 13,
    "Major": 4,
    "Observation": 0,
    "Clarification": 0
  },
  "completed_at": "2026-01-03T12:46:26.575320+00:00",
  "processing_time_seconds": 5,
  "created_at": "2026-01-03T12:46:21.361072+00:00"
}