{
  "status": "completed",
  "job_id": "8a57aef5-eec2-4d3b-a626-1d6b4b21f25e",
  "user_email": "local_user@localhost",
  "mode": "NSE_ALIGNED_PRODUCTION",
  "regulation_type": "ICDR",
  "drhp_chapter": "CHAPTER_V_ABOUT_COMPANY",
  "drhp_chapter_name": "CHAPTER V \u2013 ABOUT THE COMPANY",
  "document_name": "tri_business.pdf",
  "company_name": "Trimoorty Foamtech Limited",
  "company_profile": {
    "revenue": 0,
    "employees": 0,
    "business_type": "automotive"
  },
  "ipo_structure": {
    "has_convertible_debt": false,
    "has_warrants": false,
    "has_secured_instruments": false,
    "has_sr_shares": false,
    "has_vc_or_pe": false,
    "has_employee_equity": false,
    "mentions_promoter_contribution": false,
    "mentions_lockin": true,
    "has_rights_issue": false,
    "has_qip": false
  },
  "nse_queries": [
    {
      "type": "nse_content_query",
      "page": "23 and 26",
      "observation": "If the narrative mentions the sku count as 2.0 on page 23 but the Table/another section reflects 5.0 on page 26, kindly reconcile the factual contradiction and provide revised draft of the table along with confirmation that the same shall be updated in prospectus",
      "severity": "Major",
      "category": "Forensic",
      "regulation_ref": "ICDR Regulations - General Disclosure Standards",
      "missing_elements": [],
      "table_present": false,
      "issue_id": "CROSS_PAGE_INCONSISTENCY"
    },
    {
      "type": "nse_content_query",
      "page": "23 and 28",
      "observation": "If the narrative mentions the sku count as 2.0 on page 23 but the Table/another section reflects 4.0 on page 28, kindly reconcile the factual contradiction and provide revised draft of the table along with confirmation that the same shall be updated in prospectus",
      "severity": "Major",
      "category": "Forensic",
      "regulation_ref": "ICDR Regulations - General Disclosure Standards",
      "missing_elements": [],
      "table_present": false,
      "issue_id": "CROSS_PAGE_INCONSISTENCY"
    },
    {
      "type": "nse_content_query",
      "page": "10 to 26",
      "observation": "On page no. 10 to 26, it is mentioned utilities for manufacturing. Kindly clarify by: (a) providing the source of power and water (State grid vs Captive vs Private supply); (b) detailing the dependency risk (\u20b9 impact of 1-day outage as % of EBITDA); (c) confirming availability of requisite NOCs/permits for water extraction/discharge. Provide revised draft.",
      "severity": "Material",
      "category": "Operational",
      "regulation_ref": "ICDR Regulations - General Disclosure Standards",
      "missing_elements": [],
      "table_present": false,
      "issue_id": "UTILITIES_POWER_WATER"
    },
    {
      "type": "nse_content_query",
      "page": "14 to 129",
      "observation": "On page no. 14 to 129, it is mentioned production processes. Kindly clarify the operational cycle by: (a) clarifying the % of scrap/wastage generated and its impact on cost of production (\u20b9/%) and disposal method; (b) confirming if the pictorial flow-chart aligns precisely with the textual steps described (addressing any missing steps like QC/Rework); and (c) reconciling process labels. Provide revised draft and confirm it will be updated in the prospectus.",
      "severity": "Critical - Operational",
      "category": "Operational",
      "regulation_ref": "ICDR Regulations - General Disclosure Standards",
      "missing_elements": [],
      "table_present": false,
      "issue_id": "OPERATIONAL_SCRAP"
    },
    {
      "type": "nse_content_query",
      "page": "1",
      "observation": "On page no. 1, it is mentioned the Revenue Model. Kindly provide a more granular explanation including: (a) transaction-wise fee structure vs recurring revenue; (b) key revenue drivers and their sensitivity; and (c) reconciliation with segment-wise reporting. Provide revised draft along with confirmation.",
      "severity": "Critical - Valuation",
      "category": "Forensic",
      "regulation_ref": "ICDR Regulations - Disclosure Requirements for Financial Information",
      "missing_elements": [],
      "table_present": false,
      "issue_id": "REVENUE_MODEL_EXPLANATION"
    },
    {
      "type": "nse_content_query",
      "page": "1",
      "observation": "On page no. 1, it is mentioned the disclosure regarding sku reconciliation. However, in the table of product wise bifurcation of revenue on page no. 1, revenue from five products is mentioned. Kindly provide separate disclosures for all six products in the table. Further, kindly define \u2018Others\u2019 and provide a revised draft of the table along with confirmation that the same shall be updated in prospectus",
      "severity": "Critical - Valuation",
      "category": "Forensic",
      "regulation_ref": "ICDR Regulations - Disclosure Requirements for Financial Information",
      "missing_elements": [],
      "table_present": false,
      "issue_id": "SKU_RECONCILIATION"
    },
    {
      "type": "nse_content_query",
      "page": "1",
      "observation": "On page no. 1, it is mentioned sales channels. Kindly provide whether the Company is engaged in direct sales also. If yes, kindly provide B2B and B2C revenue bifurcation for the past three financial years and stub period along with confirmation that the same shall be updated in prospectus.",
      "severity": "Critical - Valuation",
      "category": "Forensic",
      "regulation_ref": "ICDR Regulations - Disclosure Requirements for Financial Information",
      "missing_elements": [],
      "table_present": false,
      "issue_id": "REVENUE_CHANNEL_BIFURCATION"
    },
    {
      "type": "nse_content_query",
      "page": "1",
      "observation": "On page no. 1, it is mentioned geographic revenue. Kindly provide 3-year comparative tables (\u20b9 lakhs and % of total revenue) showing: (a) state-wise break-up for domestic sales; (b) country-wise break-up for international sales; and (c) reconciliation of these tables with 'Segment Reporting' in Financials. Provide revised draft and confirm that the same shall be updated in prospectus.",
      "severity": "Critical - Valuation",
      "category": "Forensic",
      "regulation_ref": "ICDR Regulations - Disclosure Requirements for Financial Information",
      "missing_elements": [],
      "table_present": false,
      "issue_id": "GEOGRAPHIC_REVENUE_SPLIT"
    },
    {
      "type": "nse_content_query",
      "page": "1",
      "observation": "On page no. 1, it is mentioned Product-wise domestic and export sales bifurcation for the past three financial years and stub period. Kindly reconcile the same with geographic revenue disclosures. Provide revised draft and confirm that the same shall be updated in prospectus.",
      "severity": "Critical - Valuation",
      "category": "Forensic",
      "regulation_ref": "ICDR Regulations - Disclosure Requirements for Financial Information",
      "missing_elements": [],
      "table_present": false,
      "issue_id": "DOMESTIC_EXPORT_RECON"
    },
    {
      "type": "nse_content_query",
      "page": "1",
      "observation": "On page no. 1, it is mentioned supplier dependency. Kindly provide the following in a tabular format (3 FYs + stub period): (a) list of Top 10 suppliers with \u20b9 crores and % contribution to total procurement; (b) details of long-term agreements (validity/renewal); and (c) a corresponding Risk Factor. Provide revised draft along with confirmation.",
      "severity": "Critical - Valuation",
      "category": "Operational",
      "regulation_ref": "ICDR Regulations - General Disclosure Standards",
      "missing_elements": [],
      "table_present": false,
      "issue_id": "SUPPLIER_CONCENTRATION"
    },
    {
      "type": "nse_content_query",
      "page": "8",
      "observation": "Kindly confirm whether the Company is currently engaged in any research and development (R&D) activities. If yes, kindly provide additional details including the number of employees engaged in the said department and the expenditure incurred on the same in the past three years. Further, provide a revised draft of disclosures along with confirmation that the same will be updated in prospectus",
      "severity": "Critical - Operational",
      "category": "Operational",
      "regulation_ref": "ICDR Regulations - General Disclosure Standards",
      "missing_elements": [],
      "table_present": false,
      "issue_id": "RD_INVESTMENT_DISCLOSURE"
    },
    {
      "type": "nse_content_query",
      "page": "26",
      "observation": "On page no. 26, it is mentioned employees. Kindly provide the rate of attrition of employees for the last three years and stub period and provide confirmation that the same shall be updated in prospectus. Further, kindly provide details of contractual employees of the Company, if any.",
      "severity": "Critical - Operational",
      "category": "HR",
      "regulation_ref": "ICDR Regulations - General Disclosure Standards",
      "missing_elements": [],
      "table_present": false,
      "issue_id": "ATTRITION_RATE"
    },
    {
      "type": "nse_content_query",
      "page": "7",
      "observation": "On page no. 7, it is mentioned insurance disclosures. Kindly clarify by: (a) providing a 3-year comparative table of historical insurance losses vs claims vs excess payouts (\u20b9/%); and (b) assessing adequacy of cover relative to the scale of operations. Provide revised draft and confirm it will be updated in the prospectus.",
      "severity": "Material",
      "category": "Forensic",
      "regulation_ref": "ICDR Regulations - General Disclosure Requirements",
      "missing_elements": [],
      "table_present": false,
      "issue_id": "INSURANCE_AUDIT_MISMATCH"
    },
    {
      "type": "nse_content_query",
      "page": "15",
      "observation": "On page no. 15, it is mentioned CSR activities. Kindly confirm whether the allocated amount was expended and specify the quantum thereof for the past three fiscal years. Further, provide a revised draft along with confirmation that the same will be updated in prospectus",
      "severity": "Hygiene",
      "category": "Compliance",
      "regulation_ref": "ICDR Regulations - General Disclosure Requirements",
      "missing_elements": [],
      "table_present": false,
      "issue_id": "CSR_BUDGET_EXECUTION"
    },
    {
      "type": "nse_content_query",
      "page": "2",
      "observation": "On page no. 2, it is mentioned the disclosure regarding lease status mandatory. Kindly disclose in a tabular format, details of all properties leased along with details of lessor, lease tenure, lease rent, whether lessor is a related party (including whether a member of the promoter/ promoter group), whether lease deed is adequately stamped/ registered and provide a revised draft along with confirmation that the same shall be updated in prospectus",
      "severity": "Material",
      "category": "Legal",
      "regulation_ref": "ICDR Regulations - General Disclosure Requirements",
      "missing_elements": [],
      "table_present": false,
      "issue_id": "LEASE_STATUS_MANDATORY"
    },
    {
      "type": "nse_content_query",
      "page": "1",
      "observation": "On page no. 1, it is mentioned the disclosure regarding subsidiary rationale. Kindly clarify the rationale for the existing corporate structure and the reasons for not undertaking business operations directly through the Issuer Company. Further, provide a revised draft along with confirmation.",
      "severity": "Material",
      "category": "Governance",
      "regulation_ref": "ICDR Regulations - General Disclosure Standards",
      "missing_elements": [],
      "table_present": false,
      "issue_id": "SUBSIDIARY_RATIONALE"
    },
    {
      "type": "nse_content_query",
      "page": "1",
      "observation": "In \u201cOur Business\u201d chapter- It is observed that the Company has made use of superlative words / adjectives like the disclosure regarding superlative evidence etc. without citing the source and basis of the same as per the instructions mentioned in Schedule VI of the SEBI (ICDR) Regulations 2018 in relation to forward-looking statements. Kindly provide the source/basis of all such statements/claims. Also include these bases in the Material Documents Chapter available for inspection. If not, kindly review and revise the same. Further, the above mentioned points are merely indicative in nature, the Merchant banker shall vet the offer document and ensure that there are no disclosures which are advertising statements and marketing statement and if there are any it shall be either be drafted in a neutral language or provide a basis for the same or removed, to that end, kindly provide a draft along with a confirmation the same shall be placed at the time of prospectus as applicable",
      "severity": "Hygiene",
      "category": "Marketing",
      "regulation_ref": "ICDR Regulations, Schedule VI - Forward-Looking Statements",
      "missing_elements": [],
      "table_present": false,
      "issue_id": "SUPERLATIVE_EVIDENCE"
    },
    {
      "type": "nse_content_query",
      "page": "6",
      "observation": "On page no. 6, it is mentioned the disclosure regarding logistics mechanism audit. Kindly provide details pertaining to the logistics mechanism of the Company, including the ratio of in-house vs outsourced logistics. Further, provide a revised draft along with confirmation that the same will be updated in prospectus",
      "severity": "Material",
      "category": "Operational",
      "regulation_ref": "ICDR Regulations - General Disclosure Standards",
      "missing_elements": [],
      "table_present": false,
      "issue_id": "LOGISTICS_MECHANISM_AUDIT"
    },
    {
      "type": "nse_content_query",
      "page": "7",
      "observation": "On page no. 7, quality assurance processes are discussed. Kindly elaborate on the Company\u2019s quality assurance and control mechanisms. If the Company lacks in-house quality certifications, kindly provide the rationale and consider the inclusion of a risk factor. Further, provide a revised draft along with confirmation.",
      "severity": "Material",
      "category": "Quality",
      "regulation_ref": "ICDR Regulations - General Disclosure Standards",
      "missing_elements": [],
      "table_present": false,
      "issue_id": "QA_INSPECTION_CERT_PROCESS"
    },
    {
      "type": "nse_content_query",
      "page": "1",
      "observation": "On page no. 1, it is mentioned statutory dues. Kindly provide details of the Company\u2019s contributions towards the Employees\u2019 Provident Fund (EPF) and Employees\u2019 State Insurance Corporation (ESIC) for the past three fiscal years along with confirmation that the same shall be updated in prospectus.",
      "severity": "Material",
      "category": "Compliance",
      "regulation_ref": "ICDR Regulations - General Disclosure Standards",
      "missing_elements": [],
      "table_present": false,
      "issue_id": "EPF_ESIC_COMPLIANCE_NON_PAYMENT"
    },
    {
      "type": "nse_content_query",
      "page": "1",
      "observation": "On page no. 1, it is mentioned the disclosure regarding management experience individual. As per drafting norms, kindly provide individual years of experience, specific domain expertise, and prior successful track record for each Key Managerial Personnel (KMP). Avoid generic aggregation. Provide revised draft and confirmation.",
      "severity": "Material",
      "category": "Governance",
      "regulation_ref": "Regulation 403(b), 403(c)",
      "missing_elements": [],
      "table_present": false,
      "issue_id": "MANAGEMENT_EXPERIENCE_INDIVIDUAL"
    },
    {
      "type": "nse_content_query",
      "page": "1",
      "observation": "On page no. 1, it is mentioned raw material price volatility. Kindly quantify the impact of a 5% and 10% increase in input costs on the restated EBITDA for the last 3 fiscal years. Also, clarify the pass-through mechanism to customers. Provide revised draft.",
      "severity": "Material",
      "category": "Operational",
      "regulation_ref": "ICDR Regulations - Disclosure Requirements for Risk Factors",
      "missing_elements": [],
      "table_present": false,
      "issue_id": "RAW_MATERIAL_PRICE_VOLATILITY"
    },
    {
      "type": "nse_content_query",
      "page": "1",
      "observation": "On page no. 1, it is mentioned the disclosure regarding order book authenticity. Kindly provide a 3-year comparative table showing: (a) fresh orders received; (b) orders executed; (c) orders cancelled/modified; and (d) verification process for order book authenticity by statutory auditors. Provide revised draft.",
      "severity": "Critical - Valuation",
      "category": "Forensic",
      "regulation_ref": "ICDR Regulations - General Disclosure Standards",
      "missing_elements": [],
      "table_present": false,
      "issue_id": "ORDER_BOOK_AUTHENTICITY"
    },
    {
      "type": "nse_content_query",
      "page": "3",
      "observation": "On page no. 3, it is mentioned working capital requirements. Kindly provide a detailed rationale for inventory/debtor days being significantly higher/lower than industry peers. Include a 3-year comparative table mapping cash conversion cycle with operating cash flows. Provide revised draft.",
      "severity": "Critical - Valuation",
      "category": "Forensic",
      "regulation_ref": "ICDR Regulations - Disclosure Requirements for Financial Information",
      "missing_elements": [],
      "table_present": false,
      "issue_id": "WORKING_CAPITAL_INTENSITY_RATIONALE"
    },
    {
      "type": "nse_content_query",
      "page": "1",
      "observation": "On page no. 1, it is mentioned fixed assets. Kindly clarify the frequency of physical verification of fixed assets by management and whether any material discrepancies were noted in the last 3 fiscal years. Provide a certification from the statutory auditor regarding the same. Provide revised draft.",
      "severity": "Material",
      "category": "Forensic",
      "regulation_ref": "ICDR Regulations - General Disclosure Standards",
      "missing_elements": [],
      "table_present": false,
      "issue_id": "FIXED_ASSET_PHYSICAL_VERIFICATION"
    },
    {
      "type": "nse_content_query",
      "page": "9",
      "observation": "On page no. 9, it is mentioned top 10 clients. Kindly disclose details (including names) of top 10 clients in Our Business section. Further, disclose wherever any top 10 customer or supplier is a related party. Provide revised draft.",
      "severity": "Critical - Valuation",
      "category": "Forensic",
      "regulation_ref": "ICDR Regulations - General Disclosure Standards",
      "missing_elements": [],
      "table_present": false,
      "issue_id": "TOP_10_CLIENTS_RP"
    },
    {
      "type": "nse_content_query",
      "page": "1",
      "observation": "On page no. 1, it is mentioned EHS compliance. Kindly disclose details of all past violations for environment, health and safety (EHS) laws and regulations. Disclose a suitable risk factor in this regard, if material. Provide revised draft.",
      "severity": "Material",
      "category": "Compliance",
      "regulation_ref": "ICDR Regulations - Disclosure Requirements for Risk Factors",
      "missing_elements": [],
      "table_present": false,
      "issue_id": "EHS_VIOLATIONS_RISK"
    },
    {
      "type": "nse_content_query",
      "page": "1",
      "observation": "On page no. 1, it is mentioned violations/actions. Kindly disclose in detail, all violations and actions taken by statutory or regulatory authorities against the company. Provide revised draft.",
      "severity": "Material",
      "category": "Compliance",
      "regulation_ref": "ICDR Regulations - General Disclosure Standards",
      "missing_elements": [],
      "table_present": false,
      "issue_id": "REGULATORY_ACTIONS_HISTORY"
    },
    {
      "type": "nse_content_query",
      "page": "1",
      "observation": "On page no. 1, it is mentioned material litigations. Kindly disclose updated status of other material litigations against the company including any action against the company and any action taken by company to ensure compliance required in terms of litigations. Provide revised draft.",
      "severity": "Material",
      "category": "Legal",
      "regulation_ref": "ICDR Regulations - General Disclosure Standards",
      "missing_elements": [],
      "table_present": false,
      "issue_id": "LITIGATION_COMPLIANCE_STATUS"
    },
    {
      "type": "nse_content_query",
      "page": "1",
      "observation": "On page no. 1, it is mentioned statutory auditors. Kindly confirm whether there has been a change in auditor(s) before completion of the appointed term (in any of the past five fiscal years), and the reasons thereof. Provide revised draft.",
      "severity": "Material",
      "category": "Governance",
      "regulation_ref": "ICDR Regulations - General Disclosure Standards",
      "missing_elements": [],
      "table_present": false,
      "issue_id": "AUDITOR_CHANGE_5YR"
    },
    {
      "type": "nse_content_query",
      "page": "1",
      "observation": "On page no. 1, it is mentioned trade receivables. Kindly disclose the reason for substantial increase in trade receivables as Risk Factor. Provide revised draft.",
      "severity": "Material",
      "category": "Risk",
      "regulation_ref": "ICDR Regulations - Disclosure Requirements for Risk Factors",
      "missing_elements": [],
      "table_present": false,
      "issue_id": "RECEIVABLES_SURGE_RISK"
    },
    {
      "type": "nse_content_query",
      "page": "3",
      "observation": "On page no. 3, it is mentioned comparable companies. Kindly disclose those parameter which are better KPI as a Risk Factor for comparable companies. Provide revised draft.",
      "severity": "Material",
      "category": "Risk",
      "regulation_ref": "ICDR Regulations - Disclosure Requirements for Risk Factors",
      "missing_elements": [],
      "table_present": false,
      "issue_id": "KPI_PEER_COMPARISON_RISK"
    },
    {
      "type": "nse_content_query",
      "page": "1",
      "observation": "On page no. 1, it is mentioned the disclosure regarding product trend decline. Kindly provide detailed reasons for the substantial decline in revenue from the disclosure regarding product trend decline observed in FY 2025 as compared to FY 2024. Provide revised draft.",
      "severity": "Critical - Operational",
      "category": "Risk",
      "regulation_ref": "ICDR Regulations - Disclosure Requirements for Financial Information",
      "missing_elements": [],
      "table_present": false,
      "issue_id": "PRODUCT_TREND_DECLINE"
    },
    {
      "type": "nse_content_query",
      "page": "1",
      "observation": "On page no. 1, it is mentioned R&D and branding. Kindly provide details of R&D and branding investment/expenditure done in the past three financial years and stub period. Ensure \u20b9 and % quantification relative to total revenue. Provide revised draft.",
      "severity": "Material",
      "category": "Operational",
      "regulation_ref": "ICDR Regulations - General Disclosure Standards",
      "missing_elements": [],
      "table_present": false,
      "issue_id": "BRANDING_INVESTMENT_QUANTIFICATION"
    },
    {
      "type": "nse_content_query",
      "page": "1",
      "observation": "On page no. 1, it is mentioned import purchases. Kindly incorporate the details of country-wise import purchases value and % terms for the past three financial years and stub period. Provide revised draft.",
      "severity": "Critical - Valuation",
      "category": "Forensic",
      "regulation_ref": "ICDR Regulations - General Disclosure Standards",
      "missing_elements": [],
      "table_present": false,
      "issue_id": "COUNTRY_WISE_IMPORT_TABLE"
    },
    {
      "type": "nse_content_query",
      "page": "1",
      "observation": "On page no. 1, it is mentioned domestic purchases. Kindly include the state-wise dependency of domestic purchases for the past three financial years and stub period. Analyze the impact of supply chain disruptions in key states. Provide revised draft.",
      "severity": "Material",
      "category": "Operational",
      "regulation_ref": "ICDR Regulations - General Disclosure Standards",
      "missing_elements": [],
      "table_present": false,
      "issue_id": "STATE_WISE_DOMESTIC_DEPENDENCY"
    },
    {
      "type": "nse_content_query",
      "page": "1",
      "observation": "On page no. 1, it is mentioned manufacturing verticals. Kindly check for inclusion of details of major verticals split into own manufacturing and contractual manufacturing. Provide \u20b9 and % split for each major product line. Provide revised draft.",
      "severity": "Material",
      "category": "Operational",
      "regulation_ref": "ICDR Regulations - General Disclosure Standards",
      "missing_elements": [],
      "table_present": false,
      "issue_id": "OWN_VS_CONTRACTUAL_MANUFACTURING"
    },
    {
      "type": "nse_content_query",
      "page": "8",
      "observation": "On page no. 8, it is mentioned specialized equipment. Kindly elaborate and explain the statement 'Custom Machinery for International Clients'. Clarify the CAPEX and timeline for the same. Provide revised draft.",
      "severity": "Material",
      "category": "Operational",
      "regulation_ref": "ICDR Regulations - General Disclosure Standards",
      "missing_elements": [],
      "table_present": false,
      "issue_id": "CUSTOM_MACHINERY_INTERNATIONAL"
    },
    {
      "type": "nse_content_query",
      "page": "1",
      "observation": "On page no. 1, it is mentioned the disclosure regarding chinese distributor identification. Kindly check for inclusion/provide the name and detailed profile of such Chinese distributor. Clarify any regulatory/geopolitical risks associated. Provide revised draft.",
      "severity": "Material",
      "category": "Compliance",
      "regulation_ref": "ICDR Regulations - General Disclosure Standards",
      "missing_elements": [],
      "table_present": false,
      "issue_id": "CHINESE_DISTRIBUTOR_IDENTIFICATION"
    },
    {
      "type": "nse_content_query",
      "page": "1",
      "observation": "On page no. 1, it is mentioned NVAH details. Kindly include the details of Product usage in NVAH. Map specific product lines to NVAH applications and their revenue contribution. Provide revised draft.",
      "severity": "Material",
      "category": "Operational",
      "regulation_ref": "ICDR Regulations - General Disclosure Standards",
      "missing_elements": [],
      "table_present": false,
      "issue_id": "PRODUCT_USAGE_NVAH"
    },
    {
      "type": "nse_content_query",
      "page": "1",
      "observation": "On page no. 1, it is mentioned Unit II license. Kindly include the details of factory license for Unit II and provide rationale for how the company is operating without the same in place. Further, provide confirmation whether the issuer has received crucial clearances. Provide revised draft.",
      "severity": "Critical - Legal",
      "category": "Compliance",
      "regulation_ref": "ICDR Regulations - General Disclosure Standards",
      "missing_elements": [],
      "table_present": false,
      "issue_id": "FACTORY_LICENSE_CLEARANCE_GAP"
    },
    {
      "type": "nse_content_query",
      "page": "1",
      "observation": "On page no. 1, it is mentioned contingent liabilities / guarantees. Kindly provide: (a) nature and beneficiary of each guarantee; (b) \u20b9 amount and % of net worth; (c) tenure and trigger conditions; and (d) corresponding Risk Factor, if material. Provide revised draft.",
      "severity": "Critical - Valuation",
      "category": "Forensic",
      "regulation_ref": "ICDR Regulations - Disclosure Requirements for Financial Information",
      "missing_elements": [],
      "table_present": false,
      "issue_id": "CONTINGENT_LIABILITIES_GUARANTEES"
    },
    {
      "type": "nse_content_query",
      "page": "1",
      "observation": "On page no. 1, it is mentioned loans/advances to related parties. Kindly clarify: (a) purpose and commercial rationale; (b) interest rate vs market benchmark; (c) repayment status and recoverability; and (d) confirmation whether these are at arm\u2019s length. Provide revised draft.",
      "severity": "Critical - Legal",
      "category": "Forensic",
      "regulation_ref": "ICDR Regulations - Disclosure Requirements for Related Party Transactions",
      "missing_elements": [],
      "table_present": false,
      "issue_id": "RPT_LOANS_ADVANCES"
    },
    {
      "type": "nse_content_query",
      "page": "1",
      "observation": "On page no. 1, it is mentioned Objects of the Issue. Kindly provide: (a) project-wise deployment schedule (\u20b9 and timeline); (b) monitoring mechanism (internal/monitoring agency); (c) confirmation on handling deviations, if any. Provide revised draft.",
      "severity": "Critical - Valuation",
      "category": "Governance",
      "regulation_ref": "ICDR Regulations - Disclosure Requirements for Objects of the Issue",
      "missing_elements": [],
      "table_present": false,
      "issue_id": "OBJECTS_OF_ISSUE_UTILISATION"
    },
    {
      "type": "nse_content_query",
      "page": "1",
      "observation": "On page no. 1, it is mentioned the disclosure regarding key man dependency risk. Kindly assess and disclose key-man dependency risk and succession planning, if any. Provide revised draft.",
      "severity": "Material",
      "category": "Risk",
      "regulation_ref": "ICDR Regulations - Disclosure Requirements for Risk Factors",
      "missing_elements": [],
      "table_present": false,
      "issue_id": "KEY_MAN_DEPENDENCY_RISK"
    },
    {
      "type": "nse_content_query",
      "page": "1",
      "observation": "On page no. 1, it is mentioned the disclosure regarding management experience jargon. Kindly define \u2018seasoned experts\u2019 and provide a revised draft.",
      "severity": "Hygiene",
      "category": "Hygiene",
      "regulation_ref": "ICDR Regulations - General Disclosure Standards",
      "missing_elements": [],
      "table_present": false,
      "issue_id": "MANAGEMENT_EXPERIENCE_JARGON"
    },
    {
      "type": "nse_content_query",
      "page": "1",
      "observation": "On page no. 1, it has been observed that the pictorial chart and the process flow defined below the same are not in line. Kindly review and share the revised draft along with confirmation that the same shall be updated in prospectus",
      "severity": "Material",
      "category": "Operational",
      "regulation_ref": "ICDR Regulations - General Disclosure Standards",
      "missing_elements": [],
      "table_present": false,
      "issue_id": "PROCESS_FLOW_ALIGNMENT"
    },
    {
      "type": "nse_content_query",
      "page": "1",
      "observation": "It has been observed that the table provided on page no. 1 is repetitive in nature. Kindly review and remove the same and provide confirmation that the same shall be updated in prospectus",
      "severity": "Hygiene",
      "category": "Hygiene",
      "regulation_ref": "ICDR Regulations - General Disclosure Standards",
      "missing_elements": [],
      "table_present": false,
      "issue_id": "REPETITIVE_TABLE_REMOVAL"
    },
    {
      "type": "nse_content_query",
      "page": "1",
      "observation": "On page no. 1, it is mentioned \u201cTRANSFORMER PRODUCTION PROCESS\u201d however the Company assembles inverters. Kindly review and clarify.",
      "severity": "Material",
      "category": "Forensic",
      "regulation_ref": "ICDR Regulations - General Disclosure Standards",
      "missing_elements": [],
      "table_present": false,
      "issue_id": "PROCESS_LABEL_CONTRADICTION"
    },
    {
      "type": "nse_content_query",
      "page": "1",
      "observation": "It has been observed that the validity of lease agreement of Warehouse has already expired. Further, the lease agreement for the assembling unit is about to expire. Kindly provide the current status of both the properties and disclose the impact on the business if these are not renewed. Kindly review and provide a revised draft along with confirmation that the same shall be updated in prospectus.",
      "severity": "Critical - Operational",
      "category": "Legal",
      "regulation_ref": "ICDR Regulations - Disclosure Requirements for Risk Factors",
      "missing_elements": [],
      "table_present": false,
      "issue_id": "LEASE_EXPIRY_RISK"
    },
    {
      "type": "nse_content_query",
      "page": 2,
      "observation": "The footnote symbol is not referenced in the table. Kindly reconcile the same. Provide revised draft.",
      "severity": "Material",
      "category": "General",
      "regulation_ref": "ICDR Regulations - General Disclosure Standards",
      "missing_elements": [],
      "table_present": false,
      "issue_id": "FOOTNOTE_MISMATCH"
    },
    {
      "type": "nse_content_query",
      "page": "Various",
      "observation": "In \u201cOur Business\u201d chapter- It is observed that the Company has made use of superlative words / adjectives like \u201cSeasoned\u201d, \u201ccomprehensive\u201d, \u201cexperienced\u201d, \u201cextensive\u201d, \u201chigh-quality\u201d, \u201csignificant\u201d, \u201csuperior\u201d, \u201ctrusted\u201d etc. without citing the source and basis of the same as per the instructions mentioned in Schedule VI of the SEBI (ICDR) Regulations 2018 in relation to forward-looking statements. Kindly provide the source/basis of all such statements/claims. Also include these bases in the Material Documents Chapter available for inspection. If not, kindly review and revise the same. Further, the above mentioned points are merely indicative in nature, the Merchant banker shall vet the offer document and ensure that there are no disclosures which are advertising statements and marketing statement and if there are any it shall be either be drafted in a neutral language or provide a basis for the same or removed, to that end, kindly provide a draft along with a confirmation the same shall be placed at the time of prospectus as applicable",
      "severity": "Material",
      "category": "General",
      "regulation_ref": "ICDR Regulations - General Disclosure Standards",
      "missing_elements": [],
      "table_present": false,
      "issue_id": "GENERAL"
    }
  ],
  "total_queries": 52,
  "internal_stats": {
    "total_checked": 0,
    "total_skipped": 0
  },
  "total_requirements": 52,
  "summary": {
    "total": 52,
    "Major": 2,
    "Observation": 0,
    "Clarification": 0
  },
  "completed_at": "2026-01-03T10:14:57.540933+00:00",
  "processing_time_seconds": 4,
  "created_at": "2026-01-03T10:14:53.325604+00:00"
}