{
  "status": "completed",
  "job_id": "ae9746f3-2875-4fe5-9c0d-318b723e9774",
  "user_email": "local_user@localhost",
  "mode": "NSE_ALIGNED_PRODUCTION",
  "regulation_type": "ICDR",
  "drhp_chapter": "CHAPTER_V_ABOUT_COMPANY",
  "drhp_chapter_name": "CHAPTER V \u2013 ABOUT THE COMPANY",
  "document_name": "tri_business.pdf",
  "company_name": "Trimoorty Foamtech Limited",
  "company_profile": {
    "revenue": 0,
    "employees": 0,
    "business_type": "automotive"
  },
  "ipo_structure": {
    "has_convertible_debt": false,
    "has_warrants": false,
    "has_secured_instruments": false,
    "has_sr_shares": false,
    "has_vc_or_pe": false,
    "has_employee_equity": false,
    "mentions_promoter_contribution": false,
    "mentions_lockin": true,
    "has_rights_issue": false,
    "has_qip": false
  },
  "nse_queries": [
    {
      "type": "nse_content_query",
      "page": "23 and 26",
      "observation": "If the narrative mentions the sku count as 2.0 on page 23 but the Table/another section reflects 5.0 on page 26, kindly reconcile the factual contradiction and provide revised draft of the table along with confirmation that the same shall be updated in prospectus",
      "severity": "Material",
      "category": "Forensic",
      "regulation_ref": "ICDR Regulations - General Disclosure Standards",
      "missing_elements": [],
      "table_present": false,
      "issue_id": "CROSS_PAGE_INCONSISTENCY",
      "disclosure_status": "INCONSISTENT",
      "materiality": "MINOR",
      "merged_from": 2,
      "tone": "CRITICAL",
      "recommended_section": "Business Overview"
    },
    {
      "type": "nse_content_query",
      "page": "10 to 26",
      "observation": "On page no. 10 to 26, it is mentioned utilities for manufacturing. Kindly clarify by: (a) providing the source of power and water (State grid vs Captive vs Private supply); (b) detailing the dependency risk (\u20b9 impact of 1-day outage as % of EBITDA); (c) confirming availability of requisite NOCs/permits for water extraction/discharge. Provide revised draft.",
      "severity": "Material",
      "category": "Operational",
      "regulation_ref": "ICDR Regulations - General Disclosure Standards",
      "missing_elements": [],
      "table_present": false,
      "issue_id": "UTILITIES_POWER_WATER",
      "disclosure_status": "INADEQUATE",
      "materiality": "MINOR",
      "tone": "STANDARD",
      "recommended_section": "Business Overview"
    },
    {
      "type": "nse_content_query",
      "page": "14 to 129",
      "observation": "[Critical - Operational] Throughout the DRHP (specifically on Page 21), the term \"aggregate effective installed capacity\" is used without providing the actual aggregate effective installed capacity in MW/KL/Units (as applicable) for the relevant manufacturing facilities as of the end of the relevant fiscal year/period. Provide the specific numeric value for the aggregate effective installed capacity for each unit and in aggregate for the last three fiscal years and the stub period ending December 2024. Confirm that the revised disclosure shall be updated in the Prospectus. Provide revised draft.",
      "severity": "Major",
      "category": "Operational",
      "regulation_ref": "ICDR Regulations - General Disclosure Standards",
      "missing_elements": [],
      "table_present": false,
      "issue_id": "OPERATIONAL_SCRAP",
      "disclosure_status": "MISSING",
      "materiality": "MATERIAL",
      "merged_from": 6,
      "tone": "DIRECTIVE",
      "recommended_section": "Business Overview"
    },
    {
      "type": "nse_content_query",
      "page": "1",
      "observation": "[Critical - Operational] The DRHP on Page 157 details a \"Polyurethane (PU) Foam Moulding Process\" which includes steps like \"Raw Material Receipt & Inspection\", \"RM Storage (FIFO, 6 Months)\", \"Pouring (PU Release Agent Machine)\", and \"Curing\". However, there is no explicit mention or quantification of R&D spend related to the development or optimization of these processes, nor is there any data on QA certifications versus actual inspection/rejection rates for the raw materials (ISO 434 and Polyol 966) or the finished PU moulded foam components. This lack of detail prevents an assessment of operational efficiency and quality control. Please provide the following for the last three financial years and the stub period ending December 2024: (a) R&D spend as a percentage of revenue, (b) details of QA certifications held, and (c) actual inspection/rejection rates for raw materials and finished goods. Confirm that the revised disclosure shall be updated in the Prospectus. Provide revised draft.",
      "severity": "Major",
      "category": "Forensic",
      "regulation_ref": "ICDR Regulations - Disclosure Requirements for Financial Information",
      "missing_elements": [],
      "table_present": false,
      "issue_id": "REVENUE_MODEL_EXPLANATION",
      "disclosure_status": "DISCLOSED",
      "materiality": "MATERIAL",
      "merged_from": 29,
      "tone": "SOFT",
      "recommended_section": "Financial Information"
    },
    {
      "type": "nse_content_query",
      "page": "1",
      "observation": "[Critical - Operational] Page 22 states that raw materials are primarily transported to Units and from one unit to another unit by road. The table on Page 22 presents \"Domestic raw material\" and \"Imported raw material\" costs, but does not provide any information on the associated logistics costs, nor does it differentiate between in-house and outsourced transportation for these materials. This omission prevents an assessment of the logistics mechanism and its cost efficiency. Please provide a breakdown of logistics costs associated with raw material procurement and inter-unit transfer for the periods presented in the table on Page 22, and quantify the ratio of in-house versus outsourced logistics costs. Provide revised draft...",
      "severity": "Major",
      "category": "Operational",
      "regulation_ref": "ICDR Regulations - General Disclosure Standards",
      "missing_elements": [],
      "table_present": false,
      "issue_id": "SUPPLIER_CONCENTRATION",
      "disclosure_status": "DISCLOSED",
      "materiality": "MATERIAL",
      "merged_from": 5,
      "tone": "SOFT",
      "recommended_section": "Business Overview"
    },
    {
      "type": "nse_content_query",
      "page": "8",
      "observation": "[Critical - Operational] Throughout the Chapter (specifically on Page(s) 129), the disclosure on employee attrition presents a three-month period ended June 30, 2025, with a calculated attrition rate of \"-\". This is inconsistent with the provided data for the financial years ended March 31, 2025, 2024, and 2023, which show attrition rates of \"5.8%\", \"2.38%\", and \"2.48%\" respectively. The absence of a calculated attrition rate for the most recent stub period requires clarification and reconciliation with the preceding financial years. Provide revised draft...",
      "severity": "Major",
      "category": "Operational",
      "regulation_ref": "ICDR Regulations - General Disclosure Standards",
      "missing_elements": [],
      "table_present": false,
      "issue_id": "RD_INVESTMENT_DISCLOSURE",
      "disclosure_status": "DISCLOSED",
      "materiality": "MATERIAL",
      "merged_from": 5,
      "tone": "SOFT",
      "recommended_section": "Business Overview"
    },
    {
      "type": "nse_content_query",
      "page": "7",
      "observation": "[Critical - Operational] Throughout the DRHP (specifically on Page 29), the Company discloses \"Fire and Special Perils\" insurance for its Foamtech units. However, the \"Period of Insurance\" for policy number 1536001124010000007 is listed as \"27/3/2025\" to \"26/3/2026\". This period extends beyond the current fiscal year ending March 31, 2025, and into the stub period ending December 31, 2024. Please clarify the exact coverage period for the stub period and reconcile this with the stated policy end date. Provide revised draft...",
      "severity": "Material",
      "category": "Forensic",
      "regulation_ref": "ICDR Regulations - General Disclosure Requirements",
      "missing_elements": [],
      "table_present": false,
      "issue_id": "INSURANCE_AUDIT_MISMATCH",
      "disclosure_status": "INADEQUATE",
      "materiality": "MINOR",
      "merged_from": 2,
      "tone": "STANDARD",
      "recommended_section": "Business Overview"
    },
    {
      "type": "nse_content_query",
      "page": "15",
      "observation": "On page no. 15, it is mentioned CSR activities. Kindly confirm whether the allocated amount was expended and specify the quantum thereof for the past three fiscal years. Further, provide a revised draft along with confirmation that the same will be updated in prospectus",
      "severity": "Material",
      "category": "Compliance",
      "regulation_ref": "ICDR Regulations - General Disclosure Requirements",
      "missing_elements": [],
      "table_present": false,
      "issue_id": "CSR_BUDGET_EXECUTION",
      "disclosure_status": "DISCLOSED",
      "materiality": "MINOR",
      "tone": "SOFT",
      "recommended_section": "Government and Other Approvals"
    },
    {
      "type": "nse_content_query",
      "page": "1",
      "observation": "[Critical - Operational] The DRHP mentions that \"The manner of calculation and presentation of some of the financial and operational performance indicators included in this Draft Red Herring Prospectus, some of which have not been derived from the Restated Financial Information, and the assumptions and estimates used in such calculations, may vary from that used by other companies in India and other jurisdictions.\" (Page 144). This statement lacks specificity regarding which indicators are not derived from Restated Financial Information and the potential impact of these variations. Please provide a detailed list of all financial and operational performance indicators that are not derived from the Restated Financial Information, along with the specific methodologies and assumptions used for their calculation, and a quantitative assessment of any potential divergence from industry norms. Confirm that the revised disclosure shall be updated in the Prospectus. Provide revised draft.",
      "severity": "Major",
      "category": "Legal",
      "regulation_ref": "ICDR Regulations - Disclosure Requirements for Risk Factors",
      "missing_elements": [],
      "table_present": false,
      "issue_id": "LEASE_EXPIRY_RISK",
      "disclosure_status": "DISCLOSED",
      "materiality": "MATERIAL",
      "merged_from": 13,
      "tone": "SOFT",
      "recommended_section": "Risk Factors"
    },
    {
      "type": "nse_content_query",
      "page": "1",
      "observation": "On page no. 1, it is mentioned the disclosure regarding subsidiary rationale. Kindly clarify the rationale for the existing corporate structure and the reasons for not undertaking business operations directly through the Issuer Company. Further, provide a revised draft along with confirmation.",
      "severity": "Material",
      "category": "Governance",
      "regulation_ref": "ICDR Regulations - General Disclosure Standards",
      "missing_elements": [],
      "table_present": false,
      "issue_id": "SUBSIDIARY_RATIONALE",
      "disclosure_status": "INADEQUATE",
      "materiality": "MINOR",
      "tone": "STANDARD",
      "recommended_section": "Business Overview"
    },
    {
      "type": "nse_content_query",
      "page": "1",
      "observation": "In \u201cOur Business\u201d chapter- It is observed that the Company has made use of superlative words / adjectives like the disclosure regarding superlative evidence etc. without citing the source and basis of the same as per the instructions mentioned in Schedule VI of the SEBI (ICDR) Regulations 2018 in relation to forward-looking statements. Kindly provide the source/basis of all such statements/claims. Also include these bases in the Material Documents Chapter available for inspection. If not, kindly review and revise the same. Further, the above mentioned points are merely indicative in nature, the Merchant banker shall vet the offer document and ensure that there are no disclosures which are advertising statements and marketing statement and if there are any it shall be either be drafted in a neutral language or provide a basis for the same or removed, to that end, kindly provide a draft along with a confirmation the same shall be placed at the time of prospectus as applicable",
      "severity": "Material",
      "category": "Marketing",
      "regulation_ref": "ICDR Regulations, Schedule VI - Forward-Looking Statements",
      "missing_elements": [],
      "table_present": false,
      "issue_id": "SUPERLATIVE_EVIDENCE",
      "disclosure_status": "DISCLOSED",
      "materiality": "MINOR",
      "tone": "SOFT",
      "recommended_section": "Business Overview"
    },
    {
      "type": "nse_content_query",
      "page": "6",
      "observation": "On page no. 6, it is mentioned the disclosure regarding logistics mechanism audit. Kindly provide details pertaining to the logistics mechanism of the Company, including the ratio of in-house vs outsourced logistics. Further, provide a revised draft along with confirmation that the same will be updated in prospectus",
      "severity": "Material",
      "category": "Operational",
      "regulation_ref": "ICDR Regulations - General Disclosure Standards",
      "missing_elements": [],
      "table_present": false,
      "issue_id": "LOGISTICS_MECHANISM_AUDIT",
      "disclosure_status": "INADEQUATE",
      "materiality": "MINOR",
      "tone": "STANDARD",
      "recommended_section": "Business Overview"
    },
    {
      "type": "nse_content_query",
      "page": "7",
      "observation": "On page no. 7, quality assurance processes are discussed. Kindly elaborate on the Company\u2019s quality assurance and control mechanisms. If the Company lacks in-house quality certifications, kindly provide the rationale and consider the inclusion of a risk factor. Further, provide a revised draft along with confirmation.",
      "severity": "Material",
      "category": "Quality",
      "regulation_ref": "ICDR Regulations - General Disclosure Standards",
      "missing_elements": [],
      "table_present": false,
      "issue_id": "QA_INSPECTION_CERT_PROCESS",
      "disclosure_status": "INADEQUATE",
      "materiality": "MINOR",
      "tone": "STANDARD",
      "recommended_section": "Business Overview"
    },
    {
      "type": "nse_content_query",
      "page": "1",
      "observation": "On page no. 1, it is mentioned the disclosure regarding management experience individual. As per drafting norms, kindly provide individual years of experience, specific domain expertise, and prior successful track record for each Key Managerial Personnel (KMP). Avoid generic aggregation. Provide revised draft and confirmation.",
      "severity": "Material",
      "category": "Governance",
      "regulation_ref": "Regulation 403(b), 403(c)",
      "missing_elements": [],
      "table_present": false,
      "issue_id": "MANAGEMENT_EXPERIENCE_INDIVIDUAL",
      "disclosure_status": "INADEQUATE",
      "materiality": "MINOR",
      "tone": "STANDARD",
      "recommended_section": "Our Management"
    },
    {
      "type": "nse_content_query",
      "page": "1",
      "observation": "[Critical - Operational] Throughout the Chapter (specifically on Page 161), the disclosure extensively uses industrial jargon such as \"compound,\" \"mixing mills,\" \"rollers,\" \"Work Instructions,\" \"machine settings,\" \"steel rule,\" \"7-drum belt conveyor,\" \"power press,\" \"EVA buns,\" \"band saw machine,\" \"cutting list,\" \"Vernier callipers,\" \"weighing scale,\" \"Shore A hardness,\" \"hardness tester,\" \"Customer-Specific Requirements (CSR),\" \"standard packing list,\" \"Control Plan,\" and \"Q-Alert criteria.\" While these terms are industry-specific, their frequent and unelaborated use without a glossary or clear definition within the DRHP may hinder comprehension for a general investor. Provide a glossary of all industrial/technical terms used throughout the DRHP. Confirm that the revised disclosure shall be updated in the Prospectus. Provide revised draft.",
      "severity": "Material",
      "category": "Operational",
      "regulation_ref": "ICDR Regulations - Disclosure Requirements for Risk Factors",
      "missing_elements": [],
      "table_present": false,
      "issue_id": "RAW_MATERIAL_PRICE_VOLATILITY",
      "disclosure_status": "DISCLOSED",
      "materiality": "MINOR",
      "merged_from": 8,
      "tone": "SOFT",
      "recommended_section": "Risk Factors"
    },
    {
      "type": "nse_content_query",
      "page": "1",
      "observation": "On page no. 1, it is mentioned the disclosure regarding order book authenticity. Kindly provide a 3-year comparative table showing: (a) fresh orders received; (b) orders executed; (c) orders cancelled/modified; and (d) verification process for order book authenticity by statutory auditors. Provide revised draft.",
      "severity": "Major",
      "category": "Forensic",
      "regulation_ref": "ICDR Regulations - General Disclosure Standards",
      "missing_elements": [],
      "table_present": false,
      "issue_id": "ORDER_BOOK_AUTHENTICITY",
      "disclosure_status": "DISCLOSED",
      "materiality": "MATERIAL",
      "tone": "SOFT",
      "recommended_section": "Business Overview"
    },
    {
      "type": "nse_content_query",
      "page": "3",
      "observation": "On page no. 3, it is mentioned working capital requirements. Kindly provide a detailed rationale for inventory/debtor days being significantly higher/lower than industry peers. Include a 3-year comparative table mapping cash conversion cycle with operating cash flows. Provide revised draft.",
      "severity": "Major",
      "category": "Forensic",
      "regulation_ref": "ICDR Regulations - Disclosure Requirements for Financial Information",
      "missing_elements": [],
      "table_present": false,
      "issue_id": "WORKING_CAPITAL_INTENSITY_RATIONALE",
      "disclosure_status": "DISCLOSED",
      "materiality": "MATERIAL",
      "tone": "SOFT",
      "recommended_section": "Business Overview"
    },
    {
      "type": "nse_content_query",
      "page": "1",
      "observation": "On page no. 1, it is mentioned fixed assets. Kindly clarify the frequency of physical verification of fixed assets by management and whether any material discrepancies were noted in the last 3 fiscal years. Provide a certification from the statutory auditor regarding the same. Provide revised draft.",
      "severity": "Material",
      "category": "Forensic",
      "regulation_ref": "ICDR Regulations - General Disclosure Standards",
      "missing_elements": [],
      "table_present": false,
      "issue_id": "FIXED_ASSET_PHYSICAL_VERIFICATION",
      "disclosure_status": "INADEQUATE",
      "materiality": "MINOR",
      "tone": "STANDARD",
      "recommended_section": "Business Overview"
    },
    {
      "type": "nse_content_query",
      "page": "1",
      "observation": "On page no. 1, it is mentioned EHS compliance. Kindly disclose details of all past violations for environment, health and safety (EHS) laws and regulations. Disclose a suitable risk factor in this regard, if material. Provide revised draft.",
      "severity": "Material",
      "category": "Compliance",
      "regulation_ref": "ICDR Regulations - Disclosure Requirements for Risk Factors",
      "missing_elements": [],
      "table_present": false,
      "issue_id": "EHS_VIOLATIONS_RISK",
      "disclosure_status": "DISCLOSED",
      "materiality": "MINOR",
      "tone": "SOFT",
      "recommended_section": "Risk Factors"
    },
    {
      "type": "nse_content_query",
      "page": "1",
      "observation": "On page no. 1, it is mentioned violations/actions. Kindly disclose in detail, all violations and actions taken by statutory or regulatory authorities against the company. Provide revised draft.",
      "severity": "Material",
      "category": "Compliance",
      "regulation_ref": "ICDR Regulations - General Disclosure Standards",
      "missing_elements": [],
      "table_present": false,
      "issue_id": "REGULATORY_ACTIONS_HISTORY",
      "disclosure_status": "DISCLOSED",
      "materiality": "MINOR",
      "tone": "SOFT",
      "recommended_section": "Government and Other Approvals"
    },
    {
      "type": "nse_content_query",
      "page": "1",
      "observation": "On page no. 1, it is mentioned material litigations. Kindly disclose updated status of other material litigations against the company including any action against the company and any action taken by company to ensure compliance required in terms of litigations. Provide revised draft.",
      "severity": "Material",
      "category": "Legal",
      "regulation_ref": "ICDR Regulations - General Disclosure Standards",
      "missing_elements": [],
      "table_present": false,
      "issue_id": "LITIGATION_COMPLIANCE_STATUS",
      "disclosure_status": "DISCLOSED",
      "materiality": "MINOR",
      "tone": "SOFT",
      "recommended_section": "Outstanding Litigation and Material Developments"
    },
    {
      "type": "nse_content_query",
      "page": "1",
      "observation": "On page no. 1, it is mentioned statutory auditors. Kindly confirm whether there has been a change in auditor(s) before completion of the appointed term (in any of the past five fiscal years), and the reasons thereof. Provide revised draft.",
      "severity": "Material",
      "category": "Governance",
      "regulation_ref": "ICDR Regulations - General Disclosure Standards",
      "missing_elements": [],
      "table_present": false,
      "issue_id": "AUDITOR_CHANGE_5YR",
      "disclosure_status": "DISCLOSED",
      "materiality": "MINOR",
      "tone": "SOFT",
      "recommended_section": "Business Overview"
    },
    {
      "type": "nse_content_query",
      "page": "1",
      "observation": "On page no. 1, it is mentioned trade receivables. Kindly disclose the reason for substantial increase in trade receivables as Risk Factor. Provide revised draft.",
      "severity": "Material",
      "category": "Risk",
      "regulation_ref": "ICDR Regulations - Disclosure Requirements for Risk Factors",
      "missing_elements": [],
      "table_present": false,
      "issue_id": "RECEIVABLES_SURGE_RISK",
      "disclosure_status": "DISCLOSED",
      "materiality": "MINOR",
      "tone": "SOFT",
      "recommended_section": "Risk Factors"
    },
    {
      "type": "nse_content_query",
      "page": "3",
      "observation": "On page no. 3, it is mentioned comparable companies. Kindly disclose those parameter which are better KPI as a Risk Factor for comparable companies. Provide revised draft.",
      "severity": "Material",
      "category": "Risk",
      "regulation_ref": "ICDR Regulations - Disclosure Requirements for Risk Factors",
      "missing_elements": [],
      "table_present": false,
      "issue_id": "KPI_PEER_COMPARISON_RISK",
      "disclosure_status": "DISCLOSED",
      "materiality": "MINOR",
      "tone": "SOFT",
      "recommended_section": "Risk Factors"
    },
    {
      "type": "nse_content_query",
      "page": "1",
      "observation": "On page no. 1, it is mentioned import purchases. Kindly incorporate the details of country-wise import purchases value and % terms for the past three financial years and stub period. Provide revised draft.",
      "severity": "Major",
      "category": "Forensic",
      "regulation_ref": "ICDR Regulations - General Disclosure Standards",
      "missing_elements": [],
      "table_present": false,
      "issue_id": "COUNTRY_WISE_IMPORT_TABLE",
      "disclosure_status": "DISCLOSED",
      "materiality": "MATERIAL",
      "tone": "SOFT",
      "recommended_section": "Business Overview"
    },
    {
      "type": "nse_content_query",
      "page": "1",
      "observation": "On page no. 1, it is mentioned domestic purchases. Kindly include the state-wise dependency of domestic purchases for the past three financial years and stub period. Analyze the impact of supply chain disruptions in key states. Provide revised draft.",
      "severity": "Material",
      "category": "Operational",
      "regulation_ref": "ICDR Regulations - General Disclosure Standards",
      "missing_elements": [],
      "table_present": false,
      "issue_id": "STATE_WISE_DOMESTIC_DEPENDENCY",
      "disclosure_status": "DISCLOSED",
      "materiality": "MINOR",
      "tone": "SOFT",
      "recommended_section": "Risk Factors"
    },
    {
      "type": "nse_content_query",
      "page": "1",
      "observation": "On page no. 1, it is mentioned manufacturing verticals. Kindly check for inclusion of details of major verticals split into own manufacturing and contractual manufacturing. Provide \u20b9 and % split for each major product line. Provide revised draft.",
      "severity": "Material",
      "category": "Operational",
      "regulation_ref": "ICDR Regulations - General Disclosure Standards",
      "missing_elements": [],
      "table_present": false,
      "issue_id": "OWN_VS_CONTRACTUAL_MANUFACTURING",
      "disclosure_status": "DISCLOSED",
      "materiality": "MINOR",
      "tone": "SOFT",
      "recommended_section": "Business Overview"
    },
    {
      "type": "nse_content_query",
      "page": "1",
      "observation": "On page no. 1, it is mentioned Unit II license. Kindly include the details of factory license for Unit II and provide rationale for how the company is operating without the same in place. Further, provide confirmation whether the issuer has received crucial clearances. Provide revised draft.",
      "severity": "Major",
      "category": "Compliance",
      "regulation_ref": "ICDR Regulations - General Disclosure Standards",
      "missing_elements": [],
      "table_present": false,
      "issue_id": "FACTORY_LICENSE_CLEARANCE_GAP",
      "disclosure_status": "DISCLOSED",
      "materiality": "MATERIAL",
      "tone": "SOFT",
      "recommended_section": "Government and Other Approvals"
    },
    {
      "type": "nse_content_query",
      "page": "1",
      "observation": "On page no. 1, it is mentioned contingent liabilities / guarantees. Kindly provide: (a) nature and beneficiary of each guarantee; (b) \u20b9 amount and % of net worth; (c) tenure and trigger conditions; and (d) corresponding Risk Factor, if material. Provide revised draft.",
      "severity": "Major",
      "category": "Forensic",
      "regulation_ref": "ICDR Regulations - Disclosure Requirements for Financial Information",
      "missing_elements": [],
      "table_present": false,
      "issue_id": "CONTINGENT_LIABILITIES_GUARANTEES",
      "disclosure_status": "DISCLOSED",
      "materiality": "MATERIAL",
      "tone": "SOFT",
      "recommended_section": "Business Overview"
    },
    {
      "type": "nse_content_query",
      "page": "1",
      "observation": "On page no. 1, it is mentioned loans/advances to related parties. Kindly clarify: (a) purpose and commercial rationale; (b) interest rate vs market benchmark; (c) repayment status and recoverability; and (d) confirmation whether these are at arm\u2019s length. Provide revised draft.",
      "severity": "Major",
      "category": "Forensic",
      "regulation_ref": "ICDR Regulations - Disclosure Requirements for Related Party Transactions",
      "missing_elements": [],
      "table_present": false,
      "issue_id": "RPT_LOANS_ADVANCES",
      "disclosure_status": "INADEQUATE",
      "materiality": "MATERIAL",
      "tone": "STANDARD",
      "recommended_section": "Business Overview"
    },
    {
      "type": "nse_content_query",
      "page": "1",
      "observation": "On page no. 1, it is mentioned Objects of the Issue. Kindly provide: (a) project-wise deployment schedule (\u20b9 and timeline); (b) monitoring mechanism (internal/monitoring agency); (c) confirmation on handling deviations, if any. Provide revised draft.",
      "severity": "Major",
      "category": "Governance",
      "regulation_ref": "ICDR Regulations - Disclosure Requirements for Objects of the Issue",
      "missing_elements": [],
      "table_present": false,
      "issue_id": "OBJECTS_OF_ISSUE_UTILISATION",
      "disclosure_status": "DISCLOSED",
      "materiality": "MATERIAL",
      "tone": "SOFT",
      "recommended_section": "Business Overview"
    },
    {
      "type": "nse_content_query",
      "page": "1",
      "observation": "On page no. 1, it is mentioned the disclosure regarding key man dependency risk. Kindly assess and disclose key-man dependency risk and succession planning, if any. Provide revised draft.",
      "severity": "Material",
      "category": "Risk",
      "regulation_ref": "ICDR Regulations - Disclosure Requirements for Risk Factors",
      "missing_elements": [],
      "table_present": false,
      "issue_id": "KEY_MAN_DEPENDENCY_RISK",
      "disclosure_status": "DISCLOSED",
      "materiality": "MINOR",
      "tone": "SOFT",
      "recommended_section": "Risk Factors"
    },
    {
      "type": "nse_content_query",
      "page": "1",
      "observation": "On page no. 1, it is mentioned the disclosure regarding management experience jargon. Kindly define \u2018seasoned experts\u2019 and provide a revised draft.",
      "severity": "Material",
      "category": "Hygiene",
      "regulation_ref": "ICDR Regulations - General Disclosure Standards",
      "missing_elements": [],
      "table_present": false,
      "issue_id": "MANAGEMENT_EXPERIENCE_JARGON",
      "disclosure_status": "DISCLOSED",
      "materiality": "MINOR",
      "tone": "SOFT",
      "recommended_section": "Our Management"
    },
    {
      "type": "nse_content_query",
      "page": "1",
      "observation": "On page no. 1, it has been observed that the pictorial chart and the process flow defined below the same are not in line. Kindly review and share the revised draft along with confirmation that the same shall be updated in prospectus",
      "severity": "Material",
      "category": "Operational",
      "regulation_ref": "ICDR Regulations - General Disclosure Standards",
      "missing_elements": [],
      "table_present": false,
      "issue_id": "PROCESS_FLOW_ALIGNMENT",
      "disclosure_status": "DISCLOSED",
      "materiality": "MINOR",
      "tone": "SOFT",
      "recommended_section": "Business Overview"
    },
    {
      "type": "nse_content_query",
      "page": "1",
      "observation": "It has been observed that the table provided on page no. 1 is repetitive in nature. Kindly review and remove the same and provide confirmation that the same shall be updated in prospectus",
      "severity": "Material",
      "category": "Hygiene",
      "regulation_ref": "ICDR Regulations - General Disclosure Standards",
      "missing_elements": [],
      "table_present": false,
      "issue_id": "REPETITIVE_TABLE_REMOVAL",
      "disclosure_status": "DISCLOSED",
      "materiality": "MINOR",
      "tone": "SOFT",
      "recommended_section": "Business Overview"
    },
    {
      "type": "nse_content_query",
      "page": 2,
      "observation": "The footnote symbol is not referenced in the table. Kindly reconcile the same. Provide revised draft.",
      "severity": "Material",
      "category": "General",
      "regulation_ref": "ICDR Regulations - General Disclosure Standards",
      "missing_elements": [],
      "table_present": false,
      "issue_id": "FOOTNOTE_MISMATCH",
      "disclosure_status": "INCONSISTENT",
      "materiality": "MINOR",
      "tone": "CRITICAL",
      "recommended_section": "Business Overview"
    },
    {
      "type": "nse_content_query",
      "page": 5,
      "observation": "In \u201cOur Business\u201d chapter- It is observed that the Company has made use of superlative words / adjectives like \u201cSeasoned\u201d, \u201ccomprehensive\u201d, \u201cexperienced\u201d, \u201cextensive\u201d, \u201chigh-quality\u201d, \u201csignificant\u201d, \u201csuperior\u201d, \u201ctrusted\u201d etc. without citing the source and basis of the same as per the instructions mentioned in Schedule VI of the SEBI (ICDR) Regulations 2018 in relation to forward-looking statements. Kindly provide the source/basis of all such statements/claims. Also include these bases in the Material Documents Chapter available for inspection. If not, kindly review and revise the same. Further, the above mentioned points are merely indicative in nature, the Merchant banker shall vet the offer document and ensure that there are no disclosures which are advertising statements and marketing statement and if there are any it shall be either be drafted in a neutral language or provide a basis for the same or removed, to that end, kindly provide a draft along with a confirmation the same shall be placed at the time of prospectus as applicable",
      "severity": "Material",
      "category": "General",
      "regulation_ref": "ICDR Regulations - General Disclosure Standards",
      "missing_elements": [],
      "table_present": false,
      "issue_id": "GENERAL",
      "disclosure_status": "DISCLOSED",
      "materiality": "MINOR",
      "merged_from": 15,
      "tone": "SOFT",
      "recommended_section": "Business Overview"
    },
    {
      "type": "contradiction",
      "page": "2 to 29",
      "observation": "On page no. 2 to 29, there appears to be a numerical inconsistency regarding FACILITIES. The disclosure mentions conflicting values: 18 vs 31 vs 61 vs 250 vs 309 vs 2025. Kindly reconcile this factual contradiction and provide revised draft along with confirmation that the same shall be updated in the final prospectus.",
      "severity": "Critical - Valuation",
      "category": "Forensic",
      "issue_id": "CONTRADICTION_NUMERIC",
      "regulation_ref": "ICDR Regulations - General Disclosure Standards",
      "contradiction_details": {
        "type": "NUMERIC",
        "entity": "FACILITIES",
        "values": [
          "18",
          "31",
          "61",
          "250",
          "309",
          "2025"
        ]
      }
    },
    {
      "type": "contradiction",
      "page": "5 to 25",
      "observation": "On page no. 5 to 25, there appears to be a numerical inconsistency regarding CUSTOMERS. The disclosure mentions conflicting values: 1 vs 3 vs 4 vs 5 vs 6 vs 7 vs 8 vs 9 vs 10. Kindly reconcile this factual contradiction and provide revised draft along with confirmation that the same shall be updated in the final prospectus.",
      "severity": "Critical - Valuation",
      "category": "Forensic",
      "issue_id": "CONTRADICTION_NUMERIC",
      "regulation_ref": "ICDR Regulations - General Disclosure Standards",
      "contradiction_details": {
        "type": "NUMERIC",
        "entity": "CUSTOMERS",
        "values": [
          "1",
          "3",
          "4",
          "5",
          "6",
          "7",
          "8",
          "9",
          "10"
        ]
      }
    },
    {
      "type": "contradiction",
      "page": "7 to 27",
      "observation": "On page no. 7 to 27, there appears to be a numerical inconsistency regarding EMPLOYEES. The disclosure mentions conflicting values: 2 vs 3 vs 10 vs 25 vs 203. Kindly reconcile this factual contradiction and provide revised draft along with confirmation that the same shall be updated in the final prospectus.",
      "severity": "Critical - Valuation",
      "category": "Forensic",
      "issue_id": "CONTRADICTION_NUMERIC",
      "regulation_ref": "ICDR Regulations - General Disclosure Standards",
      "contradiction_details": {
        "type": "NUMERIC",
        "entity": "EMPLOYEES",
        "values": [
          "2",
          "3",
          "10",
          "25",
          "203"
        ]
      }
    },
    {
      "type": "contradiction",
      "page": "7 to 28",
      "observation": "On page no. 7 to 28, there appears to be a numerical inconsistency regarding PRODUCTS. The disclosure mentions conflicting values: 1 vs 2 vs 4 vs 6 vs 13 vs 24 vs 26 vs 42 vs 95 vs 100 vs 434 vs 2025. Kindly reconcile this factual contradiction and provide revised draft along with confirmation that the same shall be updated in the final prospectus.",
      "severity": "Critical - Valuation",
      "category": "Forensic",
      "issue_id": "CONTRADICTION_NUMERIC",
      "regulation_ref": "ICDR Regulations - General Disclosure Standards",
      "contradiction_details": {
        "type": "NUMERIC",
        "entity": "PRODUCTS",
        "values": [
          "1",
          "2",
          "4",
          "6",
          "13",
          "24",
          "26",
          "42",
          "95",
          "100",
          "434",
          "2025"
        ]
      }
    },
    {
      "type": "purpose_interrogation",
      "page": "1",
      "observation": "On page no. 1, dependency is mentioned: 'based on or derived from our Restated\n          Financial Information included in this Draft Red Herring Pros'. Kindly disclose: (a) % of revenue/operations dependent on this factor; (b) historical instances of disruption (if any) and quantified impact; (c) mitigation measures with timeline and cost; and (d) a specific Risk Factor. Provide revised draft.",
      "severity": "Material",
      "category": "Operational",
      "issue_id": "PURPOSE_DEPENDENCY_STATEMENT",
      "regulation_ref": "ICDR Regulations - General Disclosure Standards",
      "interrogation_category": "DEPENDENCY_STATEMENT"
    },
    {
      "type": "purpose_interrogation",
      "page": "3",
      "observation": "On page no. 3, competitive positioning is claimed: 'proprietary brand \u201cKidsland\u201d for which we have obtained a registered trademark'. Kindly provide substantiation: (a) third-party validation/market reports; (b) quantified metrics vs. peers (market share/margins/growth); (c) sustainability of advantage (barriers to entry); and (d) reconciliation with business performance. Provide revised draft.",
      "severity": "Material",
      "category": "Operational",
      "issue_id": "PURPOSE_COMPETITIVE_CLAIM",
      "regulation_ref": "ICDR Regulations - General Disclosure Standards",
      "interrogation_category": "COMPETITIVE_CLAIM"
    },
    {
      "type": "purpose_interrogation",
      "page": "5",
      "observation": "On page no. 5, it is claimed: 'allows us to align with growth opportunities in multiple domains'. Kindly quantify this benefit by providing: (a) historical evidence (\u20b9/% contribution in past 3 years); (b) reconciliation with financial statements showing this benefit; (c) peer comparison (whether similar benefits available to competitors); and (d) forward-looking quantification if material. Provide revised draft.",
      "severity": "Material",
      "category": "Operational",
      "issue_id": "PURPOSE_BENEFIT_CLAIM",
      "regulation_ref": "ICDR Regulations - General Disclosure Standards",
      "interrogation_category": "BENEFIT_CLAIM"
    },
    {
      "type": "purpose_interrogation",
      "page": "5",
      "observation": "On page no. 5, it is claimed: 'allows us to support both standard and evolving needs, including\n            electric vehicle (EV) applications l'. Kindly quantify this benefit by providing: (a) historical evidence (\u20b9/% contribution in past 3 years); (b) reconciliation with financial statements showing this benefit; (c) peer comparison (whether similar benefits available to competitors); and (d) forward-looking quantification if material. Provide revised draft.",
      "severity": "Material",
      "category": "Operational",
      "issue_id": "PURPOSE_BENEFIT_CLAIM",
      "regulation_ref": "ICDR Regulations - General Disclosure Standards",
      "interrogation_category": "BENEFIT_CLAIM"
    },
    {
      "type": "purpose_interrogation",
      "page": "5",
      "observation": "On page no. 5, it is claimed: 'enable us to support clients as they scale production and localize their\n            sourcing strategies'. Kindly quantify this benefit by providing: (a) historical evidence (\u20b9/% contribution in past 3 years); (b) reconciliation with financial statements showing this benefit; (c) peer comparison (whether similar benefits available to competitors); and (d) forward-looking quantification if material. Provide revised draft.",
      "severity": "Material",
      "category": "Operational",
      "issue_id": "PURPOSE_BENEFIT_CLAIM",
      "regulation_ref": "ICDR Regulations - General Disclosure Standards",
      "interrogation_category": "BENEFIT_CLAIM"
    },
    {
      "type": "purpose_interrogation",
      "page": "5",
      "observation": "On page no. 5, it is claimed: 'contributing to India\u2019s evolving economic landscape'. Kindly quantify this benefit by providing: (a) historical evidence (\u20b9/% contribution in past 3 years); (b) reconciliation with financial statements showing this benefit; (c) peer comparison (whether similar benefits available to competitors); and (d) forward-looking quantification if material. Provide revised draft.",
      "severity": "Material",
      "category": "Operational",
      "issue_id": "PURPOSE_BENEFIT_CLAIM",
      "regulation_ref": "ICDR Regulations - General Disclosure Standards",
      "interrogation_category": "BENEFIT_CLAIM"
    },
    {
      "type": "purpose_interrogation",
      "page": "6",
      "observation": "On page no. 6, it is claimed: 'allows us to address demand in both domestic and export markets'. Kindly quantify this benefit by providing: (a) historical evidence (\u20b9/% contribution in past 3 years); (b) reconciliation with financial statements showing this benefit; (c) peer comparison (whether similar benefits available to competitors); and (d) forward-looking quantification if material. Provide revised draft.",
      "severity": "Material",
      "category": "Operational",
      "issue_id": "PURPOSE_BENEFIT_CLAIM",
      "regulation_ref": "ICDR Regulations - General Disclosure Standards",
      "interrogation_category": "BENEFIT_CLAIM"
    },
    {
      "type": "purpose_interrogation",
      "page": "6",
      "observation": "On page no. 6, it is claimed: 'allows us to meet varied requirements, from\n          durable industrial parts and consumer products'. Kindly quantify this benefit by providing: (a) historical evidence (\u20b9/% contribution in past 3 years); (b) reconciliation with financial statements showing this benefit; (c) peer comparison (whether similar benefits available to competitors); and (d) forward-looking quantification if material. Provide revised draft.",
      "severity": "Material",
      "category": "Operational",
      "issue_id": "PURPOSE_BENEFIT_CLAIM",
      "regulation_ref": "ICDR Regulations - General Disclosure Standards",
      "interrogation_category": "BENEFIT_CLAIM"
    },
    {
      "type": "purpose_interrogation",
      "page": "7",
      "observation": "On page no. 7, it is claimed: 'allows us to meet different customer needs while maintaining consistent quality and delivery timelines'. Kindly quantify this benefit by providing: (a) historical evidence (\u20b9/% contribution in past 3 years); (b) reconciliation with financial statements showing this benefit; (c) peer comparison (whether similar benefits available to competitors); and (d) forward-looking quantification if material. Provide revised draft.",
      "severity": "Material",
      "category": "Operational",
      "issue_id": "PURPOSE_BENEFIT_CLAIM",
      "regulation_ref": "ICDR Regulations - General Disclosure Standards",
      "interrogation_category": "BENEFIT_CLAIM"
    },
    {
      "type": "purpose_interrogation",
      "page": "7",
      "observation": "On page no. 7, it is claimed: 'enables us to engage not only as a\n          manufacturing partner but also as a collaborator in product developme'. Kindly quantify this benefit by providing: (a) historical evidence (\u20b9/% contribution in past 3 years); (b) reconciliation with financial statements showing this benefit; (c) peer comparison (whether similar benefits available to competitors); and (d) forward-looking quantification if material. Provide revised draft.",
      "severity": "Material",
      "category": "Operational",
      "issue_id": "PURPOSE_BENEFIT_CLAIM",
      "regulation_ref": "ICDR Regulations - General Disclosure Standards",
      "interrogation_category": "BENEFIT_CLAIM"
    },
    {
      "type": "purpose_interrogation",
      "page": "7",
      "observation": "On page no. 7, it is claimed: 'resulting in improved control over\n          lead times and output quality'. Kindly quantify this benefit by providing: (a) historical evidence (\u20b9/% contribution in past 3 years); (b) reconciliation with financial statements showing this benefit; (c) peer comparison (whether similar benefits available to competitors); and (d) forward-looking quantification if material. Provide revised draft.",
      "severity": "Material",
      "category": "Operational",
      "issue_id": "PURPOSE_BENEFIT_CLAIM",
      "regulation_ref": "ICDR Regulations - General Disclosure Standards",
      "interrogation_category": "BENEFIT_CLAIM"
    },
    {
      "type": "purpose_interrogation",
      "page": "8",
      "observation": "On page no. 8, the disclosure mentions: 'aim to reduce\n          dependence on imports and encourage local production across'. Kindly provide: (a) quantified rationale (\u20b9/% impact on revenue/profitability expected in next 3 years); (b) concrete timeline with milestones; (c) capital allocation and source of funds; and (d) a corresponding Risk Factor if execution depends on market conditions or regulatory approvals. Provide revised draft.",
      "severity": "Material",
      "category": "Operational",
      "issue_id": "PURPOSE_STRATEGIC_INTENT",
      "regulation_ref": "ICDR Regulations - General Disclosure Standards",
      "interrogation_category": "STRATEGIC_INTENT"
    },
    {
      "type": "purpose_interrogation",
      "page": "8",
      "observation": "On page no. 8, the disclosure mentions: 'plan to invest in product\n          development'. Kindly provide: (a) quantified rationale (\u20b9/% impact on revenue/profitability expected in next 3 years); (b) concrete timeline with milestones; (c) capital allocation and source of funds; and (d) a corresponding Risk Factor if execution depends on market conditions or regulatory approvals. Provide revised draft.",
      "severity": "Material",
      "category": "Operational",
      "issue_id": "PURPOSE_STRATEGIC_INTENT",
      "regulation_ref": "ICDR Regulations - General Disclosure Standards",
      "interrogation_category": "STRATEGIC_INTENT"
    },
    {
      "type": "purpose_interrogation",
      "page": "8",
      "observation": "On page no. 8, the disclosure mentions: 'will help us build consumer engagement and foster long'. Kindly provide: (a) quantified rationale (\u20b9/% impact on revenue/profitability expected in next 3 years); (b) concrete timeline with milestones; (c) capital allocation and source of funds; and (d) a corresponding Risk Factor if execution depends on market conditions or regulatory approvals. Provide revised draft.",
      "severity": "Material",
      "category": "Operational",
      "issue_id": "PURPOSE_STRATEGIC_INTENT",
      "regulation_ref": "ICDR Regulations - General Disclosure Standards",
      "interrogation_category": "STRATEGIC_INTENT"
    },
    {
      "type": "purpose_interrogation",
      "page": "8",
      "observation": "On page no. 8, it is claimed: 'allows us to achieve\n          quick scale and efficient utilization of our facilities'. Kindly quantify this benefit by providing: (a) historical evidence (\u20b9/% contribution in past 3 years); (b) reconciliation with financial statements showing this benefit; (c) peer comparison (whether similar benefits available to competitors); and (d) forward-looking quantification if material. Provide revised draft.",
      "severity": "Material",
      "category": "Operational",
      "issue_id": "PURPOSE_BENEFIT_CLAIM",
      "regulation_ref": "ICDR Regulations - General Disclosure Standards",
      "interrogation_category": "BENEFIT_CLAIM"
    },
    {
      "type": "purpose_interrogation",
      "page": "8",
      "observation": "On page no. 8, it is claimed: 'enables us to produce a variety of safe, durable,\n          and precision-shaped toys, especially in the non-elect'. Kindly quantify this benefit by providing: (a) historical evidence (\u20b9/% contribution in past 3 years); (b) reconciliation with financial statements showing this benefit; (c) peer comparison (whether similar benefits available to competitors); and (d) forward-looking quantification if material. Provide revised draft.",
      "severity": "Material",
      "category": "Operational",
      "issue_id": "PURPOSE_BENEFIT_CLAIM",
      "regulation_ref": "ICDR Regulations - General Disclosure Standards",
      "interrogation_category": "BENEFIT_CLAIM"
    },
    {
      "type": "purpose_interrogation",
      "page": "8",
      "observation": "On page no. 8, competitive positioning is claimed: 'proprietary toy brand i'. Kindly provide substantiation: (a) third-party validation/market reports; (b) quantified metrics vs. peers (market share/margins/growth); (c) sustainability of advantage (barriers to entry); and (d) reconciliation with business performance. Provide revised draft.",
      "severity": "Material",
      "category": "Operational",
      "issue_id": "PURPOSE_COMPETITIVE_CLAIM",
      "regulation_ref": "ICDR Regulations - General Disclosure Standards",
      "interrogation_category": "COMPETITIVE_CLAIM"
    },
    {
      "type": "purpose_interrogation",
      "page": "9",
      "observation": "On page no. 9, the disclosure mentions: 'will be used to expand our\n          manufacturing capacity in these'. Kindly provide: (a) quantified rationale (\u20b9/% impact on revenue/profitability expected in next 3 years); (b) concrete timeline with milestones; (c) capital allocation and source of funds; and (d) a corresponding Risk Factor if execution depends on market conditions or regulatory approvals. Provide revised draft.",
      "severity": "Material",
      "category": "Operational",
      "issue_id": "PURPOSE_STRATEGIC_INTENT",
      "regulation_ref": "ICDR Regulations - General Disclosure Standards",
      "interrogation_category": "STRATEGIC_INTENT"
    },
    {
      "type": "purpose_interrogation",
      "page": "9",
      "observation": "On page no. 9, the disclosure mentions: 'will include acquiring custom machinery suited to the specific needs'. Kindly provide: (a) quantified rationale (\u20b9/% impact on revenue/profitability expected in next 3 years); (b) concrete timeline with milestones; (c) capital allocation and source of funds; and (d) a corresponding Risk Factor if execution depends on market conditions or regulatory approvals. Provide revised draft.",
      "severity": "Material",
      "category": "Operational",
      "issue_id": "PURPOSE_STRATEGIC_INTENT",
      "regulation_ref": "ICDR Regulations - General Disclosure Standards",
      "interrogation_category": "STRATEGIC_INTENT"
    },
    {
      "type": "purpose_interrogation",
      "page": "9",
      "observation": "On page no. 9, the disclosure mentions: 'will enhance our ability to deli\n                \n          Part of our expansion'. Kindly provide: (a) quantified rationale (\u20b9/% impact on revenue/profitability expected in next 3 years); (b) concrete timeline with milestones; (c) capital allocation and source of funds; and (d) a corresponding Risk Factor if execution depends on market conditions or regulatory approvals. Provide revised draft.",
      "severity": "Material",
      "category": "Operational",
      "issue_id": "PURPOSE_STRATEGIC_INTENT",
      "regulation_ref": "ICDR Regulations - General Disclosure Standards",
      "interrogation_category": "STRATEGIC_INTENT"
    },
    {
      "type": "purpose_interrogation",
      "page": "9",
      "observation": "On page no. 9, the disclosure mentions: 'will support our role as a flexible and capable manufacturing'. Kindly provide: (a) quantified rationale (\u20b9/% impact on revenue/profitability expected in next 3 years); (b) concrete timeline with milestones; (c) capital allocation and source of funds; and (d) a corresponding Risk Factor if execution depends on market conditions or regulatory approvals. Provide revised draft.",
      "severity": "Material",
      "category": "Operational",
      "issue_id": "PURPOSE_STRATEGIC_INTENT",
      "regulation_ref": "ICDR Regulations - General Disclosure Standards",
      "interrogation_category": "STRATEGIC_INTENT"
    },
    {
      "type": "purpose_interrogation",
      "page": "9",
      "observation": "On page no. 9, the disclosure mentions: 'plan to invest in\n          automation across various stages of our manufacturing'. Kindly provide: (a) quantified rationale (\u20b9/% impact on revenue/profitability expected in next 3 years); (b) concrete timeline with milestones; (c) capital allocation and source of funds; and (d) a corresponding Risk Factor if execution depends on market conditions or regulatory approvals. Provide revised draft.",
      "severity": "Material",
      "category": "Operational",
      "issue_id": "PURPOSE_STRATEGIC_INTENT",
      "regulation_ref": "ICDR Regulations - General Disclosure Standards",
      "interrogation_category": "STRATEGIC_INTENT"
    },
    {
      "type": "purpose_interrogation",
      "page": "9",
      "observation": "On page no. 9, the disclosure mentions: 'intend to adopt CNC based automated die'. Kindly provide: (a) quantified rationale (\u20b9/% impact on revenue/profitability expected in next 3 years); (b) concrete timeline with milestones; (c) capital allocation and source of funds; and (d) a corresponding Risk Factor if execution depends on market conditions or regulatory approvals. Provide revised draft.",
      "severity": "Material",
      "category": "Operational",
      "issue_id": "PURPOSE_STRATEGIC_INTENT",
      "regulation_ref": "ICDR Regulations - General Disclosure Standards",
      "interrogation_category": "STRATEGIC_INTENT"
    },
    {
      "type": "purpose_interrogation",
      "page": "9",
      "observation": "On page no. 9, the disclosure mentions: 'aim to introduce vision'. Kindly provide: (a) quantified rationale (\u20b9/% impact on revenue/profitability expected in next 3 years); (b) concrete timeline with milestones; (c) capital allocation and source of funds; and (d) a corresponding Risk Factor if execution depends on market conditions or regulatory approvals. Provide revised draft.",
      "severity": "Material",
      "category": "Operational",
      "issue_id": "PURPOSE_STRATEGIC_INTENT",
      "regulation_ref": "ICDR Regulations - General Disclosure Standards",
      "interrogation_category": "STRATEGIC_INTENT"
    },
    {
      "type": "purpose_interrogation",
      "page": "9",
      "observation": "On page no. 9, the disclosure mentions: 'aim to strengthen our position in the supply chain\n          for engineered'. Kindly provide: (a) quantified rationale (\u20b9/% impact on revenue/profitability expected in next 3 years); (b) concrete timeline with milestones; (c) capital allocation and source of funds; and (d) a corresponding Risk Factor if execution depends on market conditions or regulatory approvals. Provide revised draft.",
      "severity": "Material",
      "category": "Operational",
      "issue_id": "PURPOSE_STRATEGIC_INTENT",
      "regulation_ref": "ICDR Regulations - General Disclosure Standards",
      "interrogation_category": "STRATEGIC_INTENT"
    },
    {
      "type": "purpose_interrogation",
      "page": "9",
      "observation": "On page no. 9, the disclosure mentions: 'will help convert these raw materials into ready'. Kindly provide: (a) quantified rationale (\u20b9/% impact on revenue/profitability expected in next 3 years); (b) concrete timeline with milestones; (c) capital allocation and source of funds; and (d) a corresponding Risk Factor if execution depends on market conditions or regulatory approvals. Provide revised draft.",
      "severity": "Material",
      "category": "Operational",
      "issue_id": "PURPOSE_STRATEGIC_INTENT",
      "regulation_ref": "ICDR Regulations - General Disclosure Standards",
      "interrogation_category": "STRATEGIC_INTENT"
    },
    {
      "type": "purpose_interrogation",
      "page": "9",
      "observation": "On page no. 9, the disclosure mentions: 'will also engage in targeted marketing efforts'. Kindly provide: (a) quantified rationale (\u20b9/% impact on revenue/profitability expected in next 3 years); (b) concrete timeline with milestones; (c) capital allocation and source of funds; and (d) a corresponding Risk Factor if execution depends on market conditions or regulatory approvals. Provide revised draft.",
      "severity": "Material",
      "category": "Operational",
      "issue_id": "PURPOSE_STRATEGIC_INTENT",
      "regulation_ref": "ICDR Regulations - General Disclosure Standards",
      "interrogation_category": "STRATEGIC_INTENT"
    },
    {
      "type": "purpose_interrogation",
      "page": "9",
      "observation": "On page no. 9, it is claimed: 'allows us to offer integrated component solutions by combining these materials with our existing\n          capabi'. Kindly quantify this benefit by providing: (a) historical evidence (\u20b9/% contribution in past 3 years); (b) reconciliation with financial statements showing this benefit; (c) peer comparison (whether similar benefits available to competitors); and (d) forward-looking quantification if material. Provide revised draft.",
      "severity": "Material",
      "category": "Operational",
      "issue_id": "PURPOSE_BENEFIT_CLAIM",
      "regulation_ref": "ICDR Regulations - General Disclosure Standards",
      "interrogation_category": "BENEFIT_CLAIM"
    },
    {
      "type": "purpose_interrogation",
      "page": "9",
      "observation": "On page no. 9, it is claimed: 'enables us to provide components such as\n          protective pads, thermal barriers, gaskets, and structural inse'. Kindly quantify this benefit by providing: (a) historical evidence (\u20b9/% contribution in past 3 years); (b) reconciliation with financial statements showing this benefit; (c) peer comparison (whether similar benefits available to competitors); and (d) forward-looking quantification if material. Provide revised draft.",
      "severity": "Material",
      "category": "Operational",
      "issue_id": "PURPOSE_BENEFIT_CLAIM",
      "regulation_ref": "ICDR Regulations - General Disclosure Standards",
      "interrogation_category": "BENEFIT_CLAIM"
    },
    {
      "type": "purpose_interrogation",
      "page": "9",
      "observation": "On page no. 9, dependency is mentioned: 'essential for manufacturing foam components, particularly for automotive and other\n          high-precision applic'. Kindly disclose: (a) % of revenue/operations dependent on this factor; (b) historical instances of disruption (if any) and quantified impact; (c) mitigation measures with timeline and cost; and (d) a specific Risk Factor. Provide revised draft.",
      "severity": "Material",
      "category": "Operational",
      "issue_id": "PURPOSE_DEPENDENCY_STATEMENT",
      "regulation_ref": "ICDR Regulations - General Disclosure Standards",
      "interrogation_category": "DEPENDENCY_STATEMENT"
    },
    {
      "type": "purpose_interrogation",
      "page": "10",
      "observation": "On page no. 10, the disclosure mentions: 'aim to support manufacturers with guidance on\n          suitable foam material and'. Kindly provide: (a) quantified rationale (\u20b9/% impact on revenue/profitability expected in next 3 years); (b) concrete timeline with milestones; (c) capital allocation and source of funds; and (d) a corresponding Risk Factor if execution depends on market conditions or regulatory approvals. Provide revised draft.",
      "severity": "Material",
      "category": "Operational",
      "issue_id": "PURPOSE_STRATEGIC_INTENT",
      "regulation_ref": "ICDR Regulations - General Disclosure Standards",
      "interrogation_category": "STRATEGIC_INTENT"
    },
    {
      "type": "purpose_interrogation",
      "page": "10",
      "observation": "On page no. 10, the disclosure mentions: 'aim to minimize unwanted noise'. Kindly provide: (a) quantified rationale (\u20b9/% impact on revenue/profitability expected in next 3 years); (b) concrete timeline with milestones; (c) capital allocation and source of funds; and (d) a corresponding Risk Factor if execution depends on market conditions or regulatory approvals. Provide revised draft.",
      "severity": "Material",
      "category": "Operational",
      "issue_id": "PURPOSE_STRATEGIC_INTENT",
      "regulation_ref": "ICDR Regulations - General Disclosure Standards",
      "interrogation_category": "STRATEGIC_INTENT"
    },
    {
      "type": "purpose_interrogation",
      "page": "13",
      "observation": "On page no. 13, dependency is mentioned: 'based on the\n            defined process parameters'. Kindly disclose: (a) % of revenue/operations dependent on this factor; (b) historical instances of disruption (if any) and quantified impact; (c) mitigation measures with timeline and cost; and (d) a specific Risk Factor. Provide revised draft.",
      "severity": "Material",
      "category": "Operational",
      "issue_id": "PURPOSE_DEPENDENCY_STATEMENT",
      "regulation_ref": "ICDR Regulations - General Disclosure Standards",
      "interrogation_category": "DEPENDENCY_STATEMENT"
    },
    {
      "type": "purpose_interrogation",
      "page": "15",
      "observation": "On page no. 15, dependency is mentioned: 'based on Q-Alert standards'. Kindly disclose: (a) % of revenue/operations dependent on this factor; (b) historical instances of disruption (if any) and quantified impact; (c) mitigation measures with timeline and cost; and (d) a specific Risk Factor. Provide revised draft.",
      "severity": "Material",
      "category": "Operational",
      "issue_id": "PURPOSE_DEPENDENCY_STATEMENT",
      "regulation_ref": "ICDR Regulations - General Disclosure Standards",
      "interrogation_category": "DEPENDENCY_STATEMENT"
    },
    {
      "type": "purpose_interrogation",
      "page": "16",
      "observation": "On page no. 16, dependency is mentioned: 'based on Customer-Specific Requirements (CSR)'. Kindly disclose: (a) % of revenue/operations dependent on this factor; (b) historical instances of disruption (if any) and quantified impact; (c) mitigation measures with timeline and cost; and (d) a specific Risk Factor. Provide revised draft.",
      "severity": "Material",
      "category": "Operational",
      "issue_id": "PURPOSE_DEPENDENCY_STATEMENT",
      "regulation_ref": "ICDR Regulations - General Disclosure Standards",
      "interrogation_category": "DEPENDENCY_STATEMENT"
    },
    {
      "type": "purpose_interrogation",
      "page": "17",
      "observation": "On page no. 17, the disclosure mentions: 'plan to ensure batch quality'. Kindly provide: (a) quantified rationale (\u20b9/% impact on revenue/profitability expected in next 3 years); (b) concrete timeline with milestones; (c) capital allocation and source of funds; and (d) a corresponding Risk Factor if execution depends on market conditions or regulatory approvals. Provide revised draft.",
      "severity": "Material",
      "category": "Operational",
      "issue_id": "PURPOSE_STRATEGIC_INTENT",
      "regulation_ref": "ICDR Regulations - General Disclosure Standards",
      "interrogation_category": "STRATEGIC_INTENT"
    },
    {
      "type": "purpose_interrogation",
      "page": "17",
      "observation": "On page no. 17, dependency is mentioned: 'based on a defined\n          sampling plan to ensure batch quality'. Kindly disclose: (a) % of revenue/operations dependent on this factor; (b) historical instances of disruption (if any) and quantified impact; (c) mitigation measures with timeline and cost; and (d) a specific Risk Factor. Provide revised draft.",
      "severity": "Material",
      "category": "Operational",
      "issue_id": "PURPOSE_DEPENDENCY_STATEMENT",
      "regulation_ref": "ICDR Regulations - General Disclosure Standards",
      "interrogation_category": "DEPENDENCY_STATEMENT"
    },
    {
      "type": "purpose_interrogation",
      "page": "18",
      "observation": "On page no. 18, dependency is mentioned: 'based on customer-required thickness'. Kindly disclose: (a) % of revenue/operations dependent on this factor; (b) historical instances of disruption (if any) and quantified impact; (c) mitigation measures with timeline and cost; and (d) a specific Risk Factor. Provide revised draft.",
      "severity": "Material",
      "category": "Operational",
      "issue_id": "PURPOSE_DEPENDENCY_STATEMENT",
      "regulation_ref": "ICDR Regulations - General Disclosure Standards",
      "interrogation_category": "DEPENDENCY_STATEMENT"
    },
    {
      "type": "purpose_interrogation",
      "page": "20",
      "observation": "On page no. 20, dependency is mentioned: 'based on various\n              \n                                                                   \n         '. Kindly disclose: (a) % of revenue/operations dependent on this factor; (b) historical instances of disruption (if any) and quantified impact; (c) mitigation measures with timeline and cost; and (d) a specific Risk Factor. Provide revised draft.",
      "severity": "Material",
      "category": "Operational",
      "issue_id": "PURPOSE_DEPENDENCY_STATEMENT",
      "regulation_ref": "ICDR Regulations - General Disclosure Standards",
      "interrogation_category": "DEPENDENCY_STATEMENT"
    },
    {
      "type": "purpose_interrogation",
      "page": "22",
      "observation": "On page no. 22, dependency is mentioned: 'based on purchase orders and we do not have any purchase agreements\n          or firm commitments executed wi'. Kindly disclose: (a) % of revenue/operations dependent on this factor; (b) historical instances of disruption (if any) and quantified impact; (c) mitigation measures with timeline and cost; and (d) a specific Risk Factor. Provide revised draft.",
      "severity": "Material",
      "category": "Operational",
      "issue_id": "PURPOSE_DEPENDENCY_STATEMENT",
      "regulation_ref": "ICDR Regulations - General Disclosure Standards",
      "interrogation_category": "DEPENDENCY_STATEMENT"
    },
    {
      "type": "purpose_interrogation",
      "page": "24",
      "observation": "On page no. 24, dependency is mentioned: 'based on a combination of confirmed and expected orders based on past trends'. Kindly disclose: (a) % of revenue/operations dependent on this factor; (b) historical instances of disruption (if any) and quantified impact; (c) mitigation measures with timeline and cost; and (d) a specific Risk Factor. Provide revised draft.",
      "severity": "Material",
      "category": "Operational",
      "issue_id": "PURPOSE_DEPENDENCY_STATEMENT",
      "regulation_ref": "ICDR Regulations - General Disclosure Standards",
      "interrogation_category": "DEPENDENCY_STATEMENT"
    },
    {
      "type": "purpose_interrogation",
      "page": "26",
      "observation": "On page no. 26, dependency is mentioned: 'based on distance, urgency, and shipment type, own vehicles are used for short distances and urgent or sensit'. Kindly disclose: (a) % of revenue/operations dependent on this factor; (b) historical instances of disruption (if any) and quantified impact; (c) mitigation measures with timeline and cost; and (d) a specific Risk Factor. Provide revised draft.",
      "severity": "Material",
      "category": "Operational",
      "issue_id": "PURPOSE_DEPENDENCY_STATEMENT",
      "regulation_ref": "ICDR Regulations - General Disclosure Standards",
      "interrogation_category": "DEPENDENCY_STATEMENT"
    },
    {
      "type": "purpose_interrogation",
      "page": "27",
      "observation": "On page no. 27, it is claimed: 'helps us to get repeat orders from our\n          existing customers and also get an opportunity to serve new cus'. Kindly quantify this benefit by providing: (a) historical evidence (\u20b9/% contribution in past 3 years); (b) reconciliation with financial statements showing this benefit; (c) peer comparison (whether similar benefits available to competitors); and (d) forward-looking quantification if material. Provide revised draft.",
      "severity": "Material",
      "category": "Operational",
      "issue_id": "PURPOSE_BENEFIT_CLAIM",
      "regulation_ref": "ICDR Regulations - General Disclosure Standards",
      "interrogation_category": "BENEFIT_CLAIM"
    },
    {
      "type": "purpose_interrogation",
      "page": "28",
      "observation": "On page no. 28, the disclosure mentions: 'will continue to comply'. Kindly provide: (a) quantified rationale (\u20b9/% impact on revenue/profitability expected in next 3 years); (b) concrete timeline with milestones; (c) capital allocation and source of funds; and (d) a corresponding Risk Factor if execution depends on market conditions or regulatory approvals. Provide revised draft.",
      "severity": "Material",
      "category": "Operational",
      "issue_id": "PURPOSE_STRATEGIC_INTENT",
      "regulation_ref": "ICDR Regulations - General Disclosure Standards",
      "interrogation_category": "STRATEGIC_INTENT"
    },
    {
      "type": "purpose_interrogation",
      "page": "28",
      "observation": "On page no. 28, dependency is mentioned: 'necessary for us to carry on our business'. Kindly disclose: (a) % of revenue/operations dependent on this factor; (b) historical instances of disruption (if any) and quantified impact; (c) mitigation measures with timeline and cost; and (d) a specific Risk Factor. Provide revised draft.",
      "severity": "Material",
      "category": "Operational",
      "issue_id": "PURPOSE_DEPENDENCY_STATEMENT",
      "regulation_ref": "ICDR Regulations - General Disclosure Standards",
      "interrogation_category": "DEPENDENCY_STATEMENT"
    },
    {
      "type": "hygiene",
      "page": "1",
      "observation": "On page no. 1, acronym(s) 'HVAC, PU, NVH' appear without definition. Kindly provide full form on first occurrence or in glossary/abbreviations section. Provide revised draft.",
      "severity": "Hygiene",
      "category": "Drafting Quality",
      "issue_id": "UNDEFINED_ACRONYM",
      "regulation_ref": "SEBI Circular on DRHP Format"
    },
    {
      "type": "hygiene",
      "page": "2",
      "observation": "On page no. 2, footnote symbol '*' appears unreferenced. Kindly ensure all footnotes are properly cross-referenced (both in-text reference and footnote definition). Provide revised draft.",
      "severity": "Hygiene",
      "category": "Drafting Quality",
      "issue_id": "FOOTNOTE_MISMATCH",
      "regulation_ref": "SEBI Circular on DRHP Format"
    },
    {
      "type": "hygiene",
      "page": "2",
      "observation": "On page no. 2, footnote symbol '#' appears unreferenced. Kindly ensure all footnotes are properly cross-referenced (both in-text reference and footnote definition). Provide revised draft.",
      "severity": "Hygiene",
      "category": "Drafting Quality",
      "issue_id": "FOOTNOTE_MISMATCH",
      "regulation_ref": "SEBI Circular on DRHP Format"
    },
    {
      "type": "hygiene",
      "page": "2",
      "observation": "On page no. 2, acronym(s) 'BOPP, MTPA, PU' appear without definition. Kindly provide full form on first occurrence or in glossary/abbreviations section. Provide revised draft.",
      "severity": "Hygiene",
      "category": "Drafting Quality",
      "issue_id": "UNDEFINED_ACRONYM",
      "regulation_ref": "SEBI Circular on DRHP Format"
    },
    {
      "type": "hygiene",
      "page": "2",
      "observation": "On page no. 2, numeric formatting appears inconsistent (both comma-separated and non-separated formats detected in tables/text). Kindly ensure uniform number formatting across all tables and disclosures. Provide revised draft.",
      "severity": "Hygiene",
      "category": "Drafting Quality",
      "issue_id": "INCONSISTENT_NUMBER_FORMAT",
      "regulation_ref": "SEBI Circular on DRHP Format"
    },
    {
      "type": "hygiene",
      "page": "3",
      "observation": "On page no. 3, acronym(s) 'CAGR, PAT, EBIT' appear without definition. Kindly provide full form on first occurrence or in glossary/abbreviations section. Provide revised draft.",
      "severity": "Hygiene",
      "category": "Drafting Quality",
      "issue_id": "UNDEFINED_ACRONYM",
      "regulation_ref": "SEBI Circular on DRHP Format"
    },
    {
      "type": "hygiene",
      "page": "3",
      "observation": "On page no. 3, numeric formatting appears inconsistent (both comma-separated and non-separated formats detected in tables/text). Kindly ensure uniform number formatting across all tables and disclosures. Provide revised draft.",
      "severity": "Hygiene",
      "category": "Drafting Quality",
      "issue_id": "INCONSISTENT_NUMBER_FORMAT",
      "regulation_ref": "SEBI Circular on DRHP Format"
    },
    {
      "type": "hygiene",
      "page": "4",
      "observation": "On page no. 4, footnote symbol '*365' appears unreferenced. Kindly ensure all footnotes are properly cross-referenced (both in-text reference and footnote definition). Provide revised draft.",
      "severity": "Hygiene",
      "category": "Drafting Quality",
      "issue_id": "FOOTNOTE_MISMATCH",
      "regulation_ref": "SEBI Circular on DRHP Format"
    },
    {
      "type": "hygiene",
      "page": "4",
      "observation": "On page no. 4, acronym(s) 'PAT, EBIT, NAV' appear without definition. Kindly provide full form on first occurrence or in glossary/abbreviations section. Provide revised draft.",
      "severity": "Hygiene",
      "category": "Drafting Quality",
      "issue_id": "UNDEFINED_ACRONYM",
      "regulation_ref": "SEBI Circular on DRHP Format"
    },
    {
      "type": "hygiene",
      "page": "4",
      "observation": "On page no. 4, numeric formatting appears inconsistent (both comma-separated and non-separated formats detected in tables/text). Kindly ensure uniform number formatting across all tables and disclosures. Provide revised draft.",
      "severity": "Hygiene",
      "category": "Drafting Quality",
      "issue_id": "INCONSISTENT_NUMBER_FORMAT",
      "regulation_ref": "SEBI Circular on DRHP Format"
    },
    {
      "type": "hygiene",
      "page": "5",
      "observation": "On page no. 5, acronym(s) 'OUR, EV' appear without definition. Kindly provide full form on first occurrence or in glossary/abbreviations section. Provide revised draft.",
      "severity": "Hygiene",
      "category": "Drafting Quality",
      "issue_id": "UNDEFINED_ACRONYM",
      "regulation_ref": "SEBI Circular on DRHP Format"
    },
    {
      "type": "hygiene",
      "page": "6",
      "observation": "On page no. 6, acronym(s) 'PU, ICE, EVA' appear without definition. Kindly provide full form on first occurrence or in glossary/abbreviations section. Provide revised draft.",
      "severity": "Hygiene",
      "category": "Drafting Quality",
      "issue_id": "UNDEFINED_ACRONYM",
      "regulation_ref": "SEBI Circular on DRHP Format"
    },
    {
      "type": "hygiene",
      "page": "6",
      "observation": "On page no. 6, numeric formatting appears inconsistent (both comma-separated and non-separated formats detected in tables/text). Kindly ensure uniform number formatting across all tables and disclosures. Provide revised draft.",
      "severity": "Hygiene",
      "category": "Drafting Quality",
      "issue_id": "INCONSISTENT_NUMBER_FORMAT",
      "regulation_ref": "SEBI Circular on DRHP Format"
    },
    {
      "type": "hygiene",
      "page": "7",
      "observation": "On page no. 7, acronym(s) 'PU, ISO, IATF' appear without definition. Kindly provide full form on first occurrence or in glossary/abbreviations section. Provide revised draft.",
      "severity": "Hygiene",
      "category": "Drafting Quality",
      "issue_id": "UNDEFINED_ACRONYM",
      "regulation_ref": "SEBI Circular on DRHP Format"
    },
    {
      "type": "hygiene",
      "page": "8",
      "observation": "On page no. 8, acronym(s) 'STEM, PU, EVA' appear without definition. Kindly provide full form on first occurrence or in glossary/abbreviations section. Provide revised draft.",
      "severity": "Hygiene",
      "category": "Drafting Quality",
      "issue_id": "UNDEFINED_ACRONYM",
      "regulation_ref": "SEBI Circular on DRHP Format"
    },
    {
      "type": "hygiene",
      "page": "9",
      "observation": "On page no. 9, acronym(s) 'CNC, MPP, PU' appear without definition. Kindly provide full form on first occurrence or in glossary/abbreviations section. Provide revised draft.",
      "severity": "Hygiene",
      "category": "Drafting Quality",
      "issue_id": "UNDEFINED_ACRONYM",
      "regulation_ref": "SEBI Circular on DRHP Format"
    },
    {
      "type": "hygiene",
      "page": "10",
      "observation": "On page no. 10, acronym(s) 'PU, NVH, EV' appear without definition. Kindly provide full form on first occurrence or in glossary/abbreviations section. Provide revised draft.",
      "severity": "Hygiene",
      "category": "Drafting Quality",
      "issue_id": "UNDEFINED_ACRONYM",
      "regulation_ref": "SEBI Circular on DRHP Format"
    },
    {
      "type": "hygiene",
      "page": "11",
      "observation": "On page no. 11, acronym(s) 'NVH, EVA, HVAC' appear without definition. Kindly provide full form on first occurrence or in glossary/abbreviations section. Provide revised draft.",
      "severity": "Hygiene",
      "category": "Drafting Quality",
      "issue_id": "UNDEFINED_ACRONYM",
      "regulation_ref": "SEBI Circular on DRHP Format"
    },
    {
      "type": "hygiene",
      "page": "12",
      "observation": "On page no. 12, acronym(s) 'FG, GIN, HVAC' appear without definition. Kindly provide full form on first occurrence or in glossary/abbreviations section. Provide revised draft.",
      "severity": "Hygiene",
      "category": "Drafting Quality",
      "issue_id": "UNDEFINED_ACRONYM",
      "regulation_ref": "SEBI Circular on DRHP Format"
    },
    {
      "type": "hygiene",
      "page": "13",
      "observation": "On page no. 13, acronym(s) 'FIFO, PU' appear without definition. Kindly provide full form on first occurrence or in glossary/abbreviations section. Provide revised draft.",
      "severity": "Hygiene",
      "category": "Drafting Quality",
      "issue_id": "UNDEFINED_ACRONYM",
      "regulation_ref": "SEBI Circular on DRHP Format"
    },
    {
      "type": "hygiene",
      "page": "14",
      "observation": "On page no. 14, acronym(s) 'DE, FIFO, ISO' appear without definition. Kindly provide full form on first occurrence or in glossary/abbreviations section. Provide revised draft.",
      "severity": "Hygiene",
      "category": "Drafting Quality",
      "issue_id": "UNDEFINED_ACRONYM",
      "regulation_ref": "SEBI Circular on DRHP Format"
    },
    {
      "type": "hygiene",
      "page": "15",
      "observation": "On page no. 15, acronym(s) 'PE, FG' appear without definition. Kindly provide full form on first occurrence or in glossary/abbreviations section. Provide revised draft.",
      "severity": "Hygiene",
      "category": "Drafting Quality",
      "issue_id": "UNDEFINED_ACRONYM",
      "regulation_ref": "SEBI Circular on DRHP Format"
    },
    {
      "type": "hygiene",
      "page": "16",
      "observation": "On page no. 16, acronym(s) 'PE, FIFO, GIN' appear without definition. Kindly provide full form on first occurrence or in glossary/abbreviations section. Provide revised draft.",
      "severity": "Hygiene",
      "category": "Drafting Quality",
      "issue_id": "UNDEFINED_ACRONYM",
      "regulation_ref": "SEBI Circular on DRHP Format"
    },
    {
      "type": "hygiene",
      "page": "17",
      "observation": "On page no. 17, acronym(s) 'GIN, EVA' appear without definition. Kindly provide full form on first occurrence or in glossary/abbreviations section. Provide revised draft.",
      "severity": "Hygiene",
      "category": "Drafting Quality",
      "issue_id": "UNDEFINED_ACRONYM",
      "regulation_ref": "SEBI Circular on DRHP Format"
    },
    {
      "type": "hygiene",
      "page": "18",
      "observation": "On page no. 18, acronym(s) 'EVA, VA' appear without definition. Kindly provide full form on first occurrence or in glossary/abbreviations section. Provide revised draft.",
      "severity": "Hygiene",
      "category": "Drafting Quality",
      "issue_id": "UNDEFINED_ACRONYM",
      "regulation_ref": "SEBI Circular on DRHP Format"
    },
    {
      "type": "hygiene",
      "page": "19",
      "observation": "On page no. 19, acronym(s) 'IV, III, DTF' appear without definition. Kindly provide full form on first occurrence or in glossary/abbreviations section. Provide revised draft.",
      "severity": "Hygiene",
      "category": "Drafting Quality",
      "issue_id": "UNDEFINED_ACRONYM",
      "regulation_ref": "SEBI Circular on DRHP Format"
    },
    {
      "type": "hygiene",
      "page": "20",
      "observation": "On page no. 20, acronym(s) 'PU, LLP, EVA' appear without definition. Kindly provide full form on first occurrence or in glossary/abbreviations section. Provide revised draft.",
      "severity": "Hygiene",
      "category": "Drafting Quality",
      "issue_id": "UNDEFINED_ACRONYM",
      "regulation_ref": "SEBI Circular on DRHP Format"
    },
    {
      "type": "hygiene",
      "page": "20",
      "observation": "On page no. 20, numeric formatting appears inconsistent (both comma-separated and non-separated formats detected in tables/text). Kindly ensure uniform number formatting across all tables and disclosures. Provide revised draft.",
      "severity": "Hygiene",
      "category": "Drafting Quality",
      "issue_id": "INCONSISTENT_NUMBER_FORMAT",
      "regulation_ref": "SEBI Circular on DRHP Format"
    },
    {
      "type": "hygiene",
      "page": "21",
      "observation": "On page no. 21, acronym(s) 'UNITS, II, OUR' appear without definition. Kindly provide full form on first occurrence or in glossary/abbreviations section. Provide revised draft.",
      "severity": "Hygiene",
      "category": "Drafting Quality",
      "issue_id": "UNDEFINED_ACRONYM",
      "regulation_ref": "SEBI Circular on DRHP Format"
    },
    {
      "type": "hygiene",
      "page": "22",
      "observation": "On page no. 22, acronym(s) 'PU, EPDM, ISO' appear without definition. Kindly provide full form on first occurrence or in glossary/abbreviations section. Provide revised draft.",
      "severity": "Hygiene",
      "category": "Drafting Quality",
      "issue_id": "UNDEFINED_ACRONYM",
      "regulation_ref": "SEBI Circular on DRHP Format"
    },
    {
      "type": "industry_split",
      "page": "1",
      "observation": "Refer to page 1 of the DRHP and provide/include details of breakup of industry-wise revenue from operations split for the DRHP period including Automotive, Construction, Toys, Appliances, Farm Equipment, etc. Provide this in tabular format showing \u20b9 and % contribution for past 3 FYs and stub period.",
      "severity": "Material",
      "category": "Financial",
      "issue_id": "INDUSTRY_REVENUE_SPLIT",
      "regulation_ref": "ICDR Regulations - Financial Disclosure"
    },
    {
      "type": "trademark_details",
      "page": "1",
      "observation": "Refer to the trademark details in business chapter, kindly include the registration number, registration date, and validity period details for all trademarks in the DRHP. Provide this in tabular format showing: (a) Trademark name; (b) Class; (c) Registration No.; (d) Registration date; (e) Validity till; and (f) Territory. Provide revised draft.",
      "severity": "Hygiene",
      "category": "Legal",
      "issue_id": "TRADEMARK_DETAILS",
      "regulation_ref": "ICDR Regulations - Legal Disclosure"
    },
    {
      "type": "property_area",
      "page": "2 to 30",
      "observation": "Refer to the property section on page 2 to 30, kindly include the area details (i.e. sq.ft., sq. meters, acres etc.) for all properties (owned and leased). Provide this in the property table along with: (a) built-up area; (b) land area; (c) unit of measurement; and (d) usage (manufacturing/office/warehouse). Provide revised draft.",
      "severity": "Hygiene",
      "category": "Legal",
      "issue_id": "PROPERTY_AREA_DETAILS",
      "regulation_ref": "ICDR Regulations - Property Disclosure"
    },
    {
      "type": "omission",
      "page": "27",
      "observation": "Refer to page 27, kindly provide rationale for not including certain revenue segments (e.g., consumer durables, appliances, etc.) details in the competition section, if these segments contribute materially to revenue. If these segments are not material, provide disclosure confirming the same. Provide revised draft.",
      "severity": "Material",
      "category": "Omission",
      "issue_id": "COMPETITION_OMISSION",
      "regulation_ref": "ICDR Regulations - Completeness"
    },
    {
      "type": "statement_interrogation",
      "page": "8",
      "observation": "Elaborate and explain the statement: 'we plan to invest in product development (including R&D, safety testing, and packaging design), branding (visual identity, storytelling, and intell...'. Refer page 8 of the DRHP. Kindly provide: (a) detailed implementation plan with timeline; (b) capital allocation (\u20b9) and source of funds; (c) expected quantified benefits (\u20b9/% on revenue/margins); (d) risks and mitigation; and (e) corresponding Risk Factor if dependent on external approvals/market conditions. Provide revised draft.",
      "severity": "Material",
      "category": "Strategic",
      "issue_id": "STATEMENT_ELABORATION",
      "regulation_ref": "ICDR Regulations - Forward-Looking Statements"
    },
    {
      "type": "statement_interrogation",
      "page": "9",
      "observation": "Elaborate and explain the statement: 'Part of our expansion will include acquiring custom machinery suited to the specific needs of our global customers. This equipment will enhance our...'. Refer page 9 of the DRHP. Kindly provide: (a) detailed implementation plan with timeline; (b) capital allocation (\u20b9) and source of funds; (c) expected quantified benefits (\u20b9/% on revenue/margins); (d) risks and mitigation; and (e) corresponding Risk Factor if dependent on external approvals/market conditions. Provide revised draft.",
      "severity": "Material",
      "category": "Strategic",
      "issue_id": "STATEMENT_ELABORATION",
      "regulation_ref": "ICDR Regulations - Forward-Looking Statements"
    },
    {
      "type": "statement_interrogation",
      "page": "9",
      "observation": "Elaborate and explain the statement: 'we plan to invest in automation across various stages of our manufacturing operations'. Refer page 9 of the DRHP. Kindly provide: (a) detailed implementation plan with timeline; (b) capital allocation (\u20b9) and source of funds; (c) expected quantified benefits (\u20b9/% on revenue/margins); (d) risks and mitigation; and (e) corresponding Risk Factor if dependent on external approvals/market conditions. Provide revised draft.",
      "severity": "Material",
      "category": "Strategic",
      "issue_id": "STATEMENT_ELABORATION",
      "regulation_ref": "ICDR Regulations - Forward-Looking Statements"
    },
    {
      "type": "statement_interrogation",
      "page": "9",
      "observation": "Elaborate and explain the statement: 'we plan to invest in automation across various stages of our manufacturing operations'. Refer page 9 of the DRHP. Kindly provide: (a) detailed implementation plan with timeline; (b) capital allocation (\u20b9) and source of funds; (c) expected quantified benefits (\u20b9/% on revenue/margins); (d) risks and mitigation; and (e) corresponding Risk Factor if dependent on external approvals/market conditions. Provide revised draft.",
      "severity": "Material",
      "category": "Strategic",
      "issue_id": "STATEMENT_ELABORATION",
      "regulation_ref": "ICDR Regulations - Forward-Looking Statements"
    },
    {
      "type": "statement_interrogation",
      "page": "9",
      "observation": "Elaborate and explain the statement: 'Custom Machinery for International Clients: Part of our expansion will include acquiring custom machinery suited to the specific n'. Refer page 9 of the DRHP. Kindly provide: (a) detailed implementation plan with timeline; (b) capital allocation (\u20b9) and source of funds; (c) expected quantified benefits (\u20b9/% on revenue/margins); (d) risks and mitigation; and (e) corresponding Risk Factor if dependent on external approvals/market conditions. Provide revised draft.",
      "severity": "Material",
      "category": "Strategic",
      "issue_id": "STATEMENT_ELABORATION",
      "regulation_ref": "ICDR Regulations - Forward-Looking Statements"
    }
  ],
  "nse_engine_gemini_enabled": true,
  "total_queries": 37,
  "internal_stats": {
    "total_checked": 0,
    "total_skipped": 0
  },
  "total_requirements": 37,
  "summary": {
    "total": 37,
    "Major": 12,
    "Observation": 0,
    "Clarification": 0
  },
  "completed_at": "2026-01-03T13:10:10.642239+00:00",
  "processing_time_seconds": 82,
  "created_at": "2026-01-03T13:08:48.353408+00:00"
}