{
  "status": "failed",
  "job_id": "db1536a8-47b6-48de-8f83-b4d867ab0c80",
  "user_email": "local_user@localhost",
  "drhp_chapter": "CHAPTER_V_ABOUT_COMPANY",
  "drhp_chapter_name": "CHAPTER V \u2013 ABOUT THE COMPANY",
  "regulation_type": "ICDR",
  "use_multi_agent": true,
  "use_adaptive": true,
  "initial_limit": 30,
  "max_total": 100,
  "document_name": "Eco_fuel_Systems_India_Limited_DRHP.pdf",
  "local_file_path": "uploads/db1536a8-47b6-48de-8f83-b4d867ab0c80/Eco_fuel_Systems_India_Limited_DRHP.pdf",
  "created_at": "2025-12-31T15:22:10.856042",
  "progress": "Checking obligations adaptively (start: 30, max: 100)...",
  "mode": "MULTI_AGENT_ADAPTIVE",
  "neo4j_chapters": [
    "Chapter II"
  ],
  "mandatory_only": true,
  "started_at": "2025-12-31T15:22:10.857799",
  "error": "\"ComplianceState\" object has no field \"obligation_id\""
}