{
  "status": "completed",
  "job_id": "e2b8fe3d-f3e3-4fa4-a8ed-176d44f7a187",
  "user_email": "local_user@localhost",
  "mode": "NSE_ALIGNED_PRODUCTION",
  "regulation_type": "ICDR",
  "drhp_chapter": "CHAPTER_V_ABOUT_COMPANY",
  "drhp_chapter_name": "CHAPTER V \u2013 ABOUT THE COMPANY",
  "document_name": "business_eco.pdf",
  "company_name": "the Company",
  "company_profile": {
    "revenue": 0,
    "employees": 0,
    "business_type": "automotive"
  },
  "ipo_structure": {
    "has_convertible_debt": false,
    "has_warrants": false,
    "has_secured_instruments": false,
    "has_sr_shares": false,
    "has_vc_or_pe": false,
    "has_employee_equity": false,
    "mentions_promoter_contribution": false,
    "mentions_lockin": false,
    "has_rights_issue": false,
    "has_qip": false
  },
  "nse_queries": [
    {
      "type": "nse_content_query",
      "page": "132",
      "observation": "[Critical - Operational] On Page 132, the Company states its revenue model leverages the \"three-year validity cycle of compliance certificates to create revenue streams while optimizing asset utilization through dual-purpose vehicle deployment for both testing and operational requirements.\" However, the provided financial data for Net Worth, EBITDA, EBITDA Margin, RoE, RoCE, and Debt to EBITDA Ratio for the three fiscal years presented (ending Dec 2024 stub period not provided) do not explicitly demonstrate the revenue generated from the \"three-year validity cycle of compliance certificates\" or the specific revenue impact of \"dual-purpose vehicle deployment.\" Quantify the revenue generated specifically from the three-year validity cycle of compliance certificates and the incremental revenue derived from dual-purpose vehicle deployment, and provide the corresponding impact on EBITDA and Net Worth. Provide revised draft...",
      "severity": "Major",
      "category": "Forensic",
      "regulation_ref": "ICDR Regulations - Disclosure Requirements for Financial Information",
      "missing_elements": [],
      "table_present": false,
      "issue_id": "REVENUE_MODEL_EXPLANATION",
      "disclosure_status": "DISCLOSED",
      "materiality": "MATERIAL",
      "merged_from": 14,
      "tone": "SOFT",
      "recommended_section": "Financial Information"
    },
    {
      "type": "nse_content_query",
      "page": "140",
      "observation": "[Critical - Operational] On Page 134, the Company presents customer repeat rates as 61.91% (Mar-25), 73.56% (Mar-24), and 92.98% (Mar-23). This indicates a significant decline in repeat business percentage from FY23 to FY25. Provide an analysis of the drivers for this decline and the specific strategies being implemented to reverse this trend and improve customer retention. Provide revised draft...",
      "severity": "Major",
      "category": "Operational",
      "regulation_ref": "ICDR Regulations - General Disclosure Standards",
      "missing_elements": [],
      "table_present": false,
      "issue_id": "RD_INVESTMENT_DISCLOSURE",
      "disclosure_status": "DISCLOSED",
      "materiality": "MATERIAL",
      "merged_from": 4,
      "tone": "SOFT",
      "recommended_section": "Business Overview"
    },
    {
      "type": "nse_content_query",
      "page": "132",
      "observation": "[Critical - Operational] On Page 150, the \"PLANT AND MACHINERY DETAILS\" lists various equipment including \"Aluminum Mold for the CNG Kit Box,\" \"Roller Bench System,\" \"Fiber Laser Marking Machines,\" \"Barcode Scanners,\" \"V Mark Dot Pin Marking Machine,\" \"Air Conditioners,\" \"Cameras,\" \"Multiple Gas Analyzers,\" \"Leak Detector Testing Equipment,\" \"OBD-II Analyzer & Reader devices,\" and \"Barcode Printers.\" While the narrative mentions \"manufacturing and testing purposes,\" \"precision marking and tracking,\" and \"engraving dates during dispatch to enable us to identify products under warranty,\" it lacks specific details on the application and operational capacity of these machines in relation to the company's current production volume and projected growth. Provide revised draft...",
      "severity": "Major",
      "category": "Operational",
      "regulation_ref": "ICDR Regulations - General Disclosure Standards",
      "missing_elements": [],
      "table_present": false,
      "issue_id": "CAPACITY_CERTIFICATION",
      "disclosure_status": "INADEQUATE",
      "materiality": "MATERIAL",
      "merged_from": 6,
      "tone": "STANDARD",
      "recommended_section": "Business Overview"
    },
    {
      "type": "nse_content_query",
      "page": "131",
      "observation": "On page no. 131, it is mentioned insurance disclosures. Kindly clarify by: (a) providing a 3-year comparative table of historical insurance losses vs claims vs excess payouts (\u20b9/%); and (b) assessing adequacy of cover relative to the scale of operations. Provide revised draft and confirm it will be updated in the prospectus.",
      "severity": "Material",
      "category": "Forensic",
      "regulation_ref": "ICDR Regulations - General Disclosure Requirements",
      "missing_elements": [],
      "table_present": false,
      "issue_id": "INSURANCE_AUDIT_MISMATCH",
      "disclosure_status": "INADEQUATE",
      "materiality": "MINOR",
      "tone": "STANDARD",
      "recommended_section": "Business Overview"
    },
    {
      "type": "nse_content_query",
      "page": "152",
      "observation": "On page no. 152, it is mentioned CSR activities. Kindly confirm whether the allocated amount was expended and specify the quantum thereof for the past three fiscal years. Further, provide a revised draft along with confirmation that the same will be updated in prospectus",
      "severity": "Material",
      "category": "Compliance",
      "regulation_ref": "ICDR Regulations - General Disclosure Requirements",
      "missing_elements": [],
      "table_present": false,
      "issue_id": "CSR_BUDGET_EXECUTION",
      "disclosure_status": "DISCLOSED",
      "materiality": "MINOR",
      "tone": "SOFT",
      "recommended_section": "Government and Other Approvals"
    },
    {
      "type": "nse_content_query",
      "page": "131",
      "observation": "[Critical - Operational] Throughout the Chapter (specifically on Page 144), the disclosure mentions \"PT / MAP sensor\" and \"Cylinder valve with In Built Safety Device\". Please clarify the specific industrial/technical jargon used and provide a detailed explanation of their function and relevance to the Company's core business operations, including any proprietary technology or unique application. Confirm that the revised disclosure shall be updated in the Prospectus. Provide revised draft.",
      "severity": "Major",
      "category": "Legal",
      "regulation_ref": "ICDR Regulations - Disclosure Requirements for Risk Factors",
      "missing_elements": [],
      "table_present": false,
      "issue_id": "LEASE_EXPIRY_RISK",
      "disclosure_status": "DISCLOSED",
      "materiality": "MATERIAL",
      "merged_from": 7,
      "tone": "SOFT",
      "recommended_section": "Risk Factors"
    },
    {
      "type": "nse_content_query",
      "page": "147",
      "observation": "On page no. 147, it is mentioned the disclosure regarding subsidiary rationale. Kindly clarify the rationale for the existing corporate structure and the reasons for not undertaking business operations directly through the Issuer Company. Further, provide a revised draft along with confirmation.",
      "severity": "Material",
      "category": "Governance",
      "regulation_ref": "ICDR Regulations - General Disclosure Standards",
      "missing_elements": [],
      "table_present": false,
      "issue_id": "SUBSIDIARY_RATIONALE",
      "disclosure_status": "INADEQUATE",
      "materiality": "MINOR",
      "tone": "STANDARD",
      "recommended_section": "Business Overview"
    },
    {
      "type": "nse_content_query",
      "page": "131",
      "observation": "On page no. 131, it is mentioned the disclosure regarding logistics mechanism audit. Kindly provide details pertaining to the logistics mechanism of the Company, including the ratio of in-house vs outsourced logistics. Further, provide a revised draft along with confirmation that the same will be updated in prospectus",
      "severity": "Material",
      "category": "Operational",
      "regulation_ref": "ICDR Regulations - General Disclosure Standards",
      "missing_elements": [],
      "table_present": false,
      "issue_id": "LOGISTICS_MECHANISM_AUDIT",
      "disclosure_status": "INADEQUATE",
      "materiality": "MINOR",
      "tone": "STANDARD",
      "recommended_section": "Business Overview"
    },
    {
      "type": "nse_content_query",
      "page": "132",
      "observation": "On page no. 132, quality assurance processes are discussed. Kindly elaborate on the Company\u2019s quality assurance and control mechanisms. If the Company lacks in-house quality certifications, kindly provide the rationale and consider the inclusion of a risk factor. Further, provide a revised draft along with confirmation.",
      "severity": "Material",
      "category": "Quality",
      "regulation_ref": "ICDR Regulations - General Disclosure Standards",
      "missing_elements": [],
      "table_present": false,
      "issue_id": "QA_INSPECTION_CERT_PROCESS",
      "disclosure_status": "INADEQUATE",
      "materiality": "MINOR",
      "tone": "STANDARD",
      "recommended_section": "Business Overview"
    },
    {
      "type": "nse_content_query",
      "page": "131",
      "observation": "On page no. 131, it is mentioned the disclosure regarding management experience individual. As per drafting norms, kindly provide individual years of experience, specific domain expertise, and prior successful track record for each Key Managerial Personnel (KMP). Avoid generic aggregation. Provide revised draft and confirmation.",
      "severity": "Material",
      "category": "Governance",
      "regulation_ref": "Regulation 403(b), 403(c)",
      "missing_elements": [],
      "table_present": false,
      "issue_id": "MANAGEMENT_EXPERIENCE_INDIVIDUAL",
      "disclosure_status": "INADEQUATE",
      "materiality": "MINOR",
      "tone": "STANDARD",
      "recommended_section": "Our Management"
    },
    {
      "type": "nse_content_query",
      "page": "139",
      "observation": "[Critical - Operational] Throughout the Chapter (specifically on Page(s) 133), the DRHP highlights \"Quality Assurance and Standards\" as a competitive strength and details servicing and condition assessment protocols. However, there is no disclosure of actual inspection/rejection rates during the pre-conversion assessment, nor any mention of post-conversion rejection rates or customer complaints related to the performance of converted vehicles. Provide specific metrics on QA inspection/rejection rates at the pre-conversion stage and post-conversion rejection rates or customer complaint data. Provide revised draft...",
      "severity": "Material",
      "category": "Operational",
      "regulation_ref": "ICDR Regulations - Disclosure Requirements for Risk Factors",
      "missing_elements": [],
      "table_present": false,
      "issue_id": "RAW_MATERIAL_PRICE_VOLATILITY",
      "disclosure_status": "DISCLOSED",
      "materiality": "MINOR",
      "merged_from": 10,
      "tone": "SOFT",
      "recommended_section": "Risk Factors"
    },
    {
      "type": "nse_content_query",
      "page": "131",
      "observation": "On page no. 131, it is mentioned the disclosure regarding order book authenticity. Kindly provide a 3-year comparative table showing: (a) fresh orders received; (b) orders executed; (c) orders cancelled/modified; and (d) verification process for order book authenticity by statutory auditors. Provide revised draft.",
      "severity": "Major",
      "category": "Forensic",
      "regulation_ref": "ICDR Regulations - General Disclosure Standards",
      "missing_elements": [],
      "table_present": false,
      "issue_id": "ORDER_BOOK_AUTHENTICITY",
      "disclosure_status": "DISCLOSED",
      "materiality": "MATERIAL",
      "tone": "SOFT",
      "recommended_section": "Business Overview"
    },
    {
      "type": "nse_content_query",
      "page": "131",
      "observation": "On page no. 131, it is mentioned working capital requirements. Kindly provide a detailed rationale for inventory/debtor days being significantly higher/lower than industry peers. Include a 3-year comparative table mapping cash conversion cycle with operating cash flows. Provide revised draft.",
      "severity": "Major",
      "category": "Forensic",
      "regulation_ref": "ICDR Regulations - Disclosure Requirements for Financial Information",
      "missing_elements": [],
      "table_present": false,
      "issue_id": "WORKING_CAPITAL_INTENSITY_RATIONALE",
      "disclosure_status": "DISCLOSED",
      "materiality": "MATERIAL",
      "tone": "SOFT",
      "recommended_section": "Business Overview"
    },
    {
      "type": "nse_content_query",
      "page": "131",
      "observation": "On page no. 131, it is mentioned fixed assets. Kindly clarify the frequency of physical verification of fixed assets by management and whether any material discrepancies were noted in the last 3 fiscal years. Provide a certification from the statutory auditor regarding the same. Provide revised draft.",
      "severity": "Material",
      "category": "Forensic",
      "regulation_ref": "ICDR Regulations - General Disclosure Standards",
      "missing_elements": [],
      "table_present": false,
      "issue_id": "FIXED_ASSET_PHYSICAL_VERIFICATION",
      "disclosure_status": "INADEQUATE",
      "materiality": "MINOR",
      "tone": "STANDARD",
      "recommended_section": "Business Overview"
    },
    {
      "type": "nse_content_query",
      "page": "134",
      "observation": "On page no. 134, it is mentioned EHS compliance. Kindly disclose details of all past violations for environment, health and safety (EHS) laws and regulations. Disclose a suitable risk factor in this regard, if material. Provide revised draft.",
      "severity": "Material",
      "category": "Compliance",
      "regulation_ref": "ICDR Regulations - Disclosure Requirements for Risk Factors",
      "missing_elements": [],
      "table_present": false,
      "issue_id": "EHS_VIOLATIONS_RISK",
      "disclosure_status": "DISCLOSED",
      "materiality": "MINOR",
      "tone": "SOFT",
      "recommended_section": "Risk Factors"
    },
    {
      "type": "nse_content_query",
      "page": "131",
      "observation": "On page no. 131, it is mentioned violations/actions. Kindly disclose in detail, all violations and actions taken by statutory or regulatory authorities against the company. Provide revised draft.",
      "severity": "Material",
      "category": "Compliance",
      "regulation_ref": "ICDR Regulations - General Disclosure Standards",
      "missing_elements": [],
      "table_present": false,
      "issue_id": "REGULATORY_ACTIONS_HISTORY",
      "disclosure_status": "DISCLOSED",
      "materiality": "MINOR",
      "tone": "SOFT",
      "recommended_section": "Government and Other Approvals"
    },
    {
      "type": "nse_content_query",
      "page": "131",
      "observation": "[Critical - Legal] Throughout the Chapter (specifically on Page 152), the corporate name and logo are stated as not registered under the Trade Marks Act, 1999, yet an application for the logo was made on January 30, 2025. Clarify the status of this application and the implications of using an unregistered corporate name and logo in marketing activities. Provide revised draft...",
      "severity": "Material",
      "category": "Legal",
      "regulation_ref": "ICDR Regulations - General Disclosure Standards",
      "missing_elements": [],
      "table_present": false,
      "issue_id": "LITIGATION_COMPLIANCE_STATUS",
      "disclosure_status": "DISCLOSED",
      "materiality": "MINOR",
      "merged_from": 3,
      "tone": "SOFT",
      "recommended_section": "Outstanding Litigation and Material Developments"
    },
    {
      "type": "nse_content_query",
      "page": "131",
      "observation": "On page no. 131, it is mentioned statutory auditors. Kindly confirm whether there has been a change in auditor(s) before completion of the appointed term (in any of the past five fiscal years), and the reasons thereof. Provide revised draft.",
      "severity": "Material",
      "category": "Governance",
      "regulation_ref": "ICDR Regulations - General Disclosure Standards",
      "missing_elements": [],
      "table_present": false,
      "issue_id": "AUDITOR_CHANGE_5YR",
      "disclosure_status": "DISCLOSED",
      "materiality": "MINOR",
      "tone": "SOFT",
      "recommended_section": "Business Overview"
    },
    {
      "type": "nse_content_query",
      "page": "131",
      "observation": "On page no. 131, it is mentioned trade receivables. Kindly disclose the reason for substantial increase in trade receivables as Risk Factor. Provide revised draft.",
      "severity": "Material",
      "category": "Risk",
      "regulation_ref": "ICDR Regulations - Disclosure Requirements for Risk Factors",
      "missing_elements": [],
      "table_present": false,
      "issue_id": "RECEIVABLES_SURGE_RISK",
      "disclosure_status": "DISCLOSED",
      "materiality": "MINOR",
      "tone": "SOFT",
      "recommended_section": "Risk Factors"
    },
    {
      "type": "nse_content_query",
      "page": "133",
      "observation": "On page no. 133, it is mentioned PAT margin. Kindly disclose the PAT margin vis a vis industry standards as Risk Factor. Provide revised draft.",
      "severity": "Material",
      "category": "Risk",
      "regulation_ref": "ICDR Regulations - General Disclosure Standards",
      "missing_elements": [],
      "table_present": false,
      "issue_id": "PAT_MARGIN_PEER_BENCHMARK",
      "disclosure_status": "DISCLOSED",
      "materiality": "MINOR",
      "merged_from": 2,
      "tone": "SOFT",
      "recommended_section": "Risk Factors"
    },
    {
      "type": "nse_content_query",
      "page": "131",
      "observation": "On page no. 131, it is mentioned import purchases. Kindly incorporate the details of country-wise import purchases value and % terms for the past three financial years and stub period. Provide revised draft.",
      "severity": "Major",
      "category": "Forensic",
      "regulation_ref": "ICDR Regulations - General Disclosure Standards",
      "missing_elements": [],
      "table_present": false,
      "issue_id": "COUNTRY_WISE_IMPORT_TABLE",
      "disclosure_status": "DISCLOSED",
      "materiality": "MATERIAL",
      "tone": "SOFT",
      "recommended_section": "Business Overview"
    },
    {
      "type": "nse_content_query",
      "page": "131",
      "observation": "On page no. 131, it is mentioned domestic purchases. Kindly include the state-wise dependency of domestic purchases for the past three financial years and stub period. Analyze the impact of supply chain disruptions in key states. Provide revised draft.",
      "severity": "Material",
      "category": "Operational",
      "regulation_ref": "ICDR Regulations - General Disclosure Standards",
      "missing_elements": [],
      "table_present": false,
      "issue_id": "STATE_WISE_DOMESTIC_DEPENDENCY",
      "disclosure_status": "DISCLOSED",
      "materiality": "MINOR",
      "tone": "SOFT",
      "recommended_section": "Risk Factors"
    },
    {
      "type": "nse_content_query",
      "page": "131",
      "observation": "On page no. 131, it is mentioned manufacturing verticals. Kindly check for inclusion of details of major verticals split into own manufacturing and contractual manufacturing. Provide \u20b9 and % split for each major product line. Provide revised draft.",
      "severity": "Material",
      "category": "Operational",
      "regulation_ref": "ICDR Regulations - General Disclosure Standards",
      "missing_elements": [],
      "table_present": false,
      "issue_id": "OWN_VS_CONTRACTUAL_MANUFACTURING",
      "disclosure_status": "DISCLOSED",
      "materiality": "MINOR",
      "tone": "SOFT",
      "recommended_section": "Business Overview"
    },
    {
      "type": "nse_content_query",
      "page": "131",
      "observation": "On page no. 131, it is mentioned Unit II license. Kindly include the details of factory license for Unit II and provide rationale for how the company is operating without the same in place. Further, provide confirmation whether the issuer has received crucial clearances. Provide revised draft.",
      "severity": "Major",
      "category": "Compliance",
      "regulation_ref": "ICDR Regulations - General Disclosure Standards",
      "missing_elements": [],
      "table_present": false,
      "issue_id": "FACTORY_LICENSE_CLEARANCE_GAP",
      "disclosure_status": "DISCLOSED",
      "materiality": "MATERIAL",
      "tone": "SOFT",
      "recommended_section": "Government and Other Approvals"
    },
    {
      "type": "nse_content_query",
      "page": "131",
      "observation": "On page no. 131, it is mentioned contingent liabilities / guarantees. Kindly provide: (a) nature and beneficiary of each guarantee; (b) \u20b9 amount and % of net worth; (c) tenure and trigger conditions; and (d) corresponding Risk Factor, if material. Provide revised draft.",
      "severity": "Major",
      "category": "Forensic",
      "regulation_ref": "ICDR Regulations - Disclosure Requirements for Financial Information",
      "missing_elements": [],
      "table_present": false,
      "issue_id": "CONTINGENT_LIABILITIES_GUARANTEES",
      "disclosure_status": "DISCLOSED",
      "materiality": "MATERIAL",
      "tone": "SOFT",
      "recommended_section": "Business Overview"
    },
    {
      "type": "nse_content_query",
      "page": "131",
      "observation": "On page no. 131, it is mentioned loans/advances to related parties. Kindly clarify: (a) purpose and commercial rationale; (b) interest rate vs market benchmark; (c) repayment status and recoverability; and (d) confirmation whether these are at arm\u2019s length. Provide revised draft.",
      "severity": "Major",
      "category": "Forensic",
      "regulation_ref": "ICDR Regulations - Disclosure Requirements for Related Party Transactions",
      "missing_elements": [],
      "table_present": false,
      "issue_id": "RPT_LOANS_ADVANCES",
      "disclosure_status": "INADEQUATE",
      "materiality": "MATERIAL",
      "tone": "STANDARD",
      "recommended_section": "Business Overview"
    },
    {
      "type": "nse_content_query",
      "page": "131",
      "observation": "On page no. 131, it is mentioned Objects of the Issue. Kindly provide: (a) project-wise deployment schedule (\u20b9 and timeline); (b) monitoring mechanism (internal/monitoring agency); (c) confirmation on handling deviations, if any. Provide revised draft.",
      "severity": "Major",
      "category": "Governance",
      "regulation_ref": "ICDR Regulations - Disclosure Requirements for Objects of the Issue",
      "missing_elements": [],
      "table_present": false,
      "issue_id": "OBJECTS_OF_ISSUE_UTILISATION",
      "disclosure_status": "DISCLOSED",
      "materiality": "MATERIAL",
      "tone": "SOFT",
      "recommended_section": "Business Overview"
    },
    {
      "type": "nse_content_query",
      "page": "131",
      "observation": "On page no. 131, it is mentioned the disclosure regarding key man dependency risk. Kindly assess and disclose key-man dependency risk and succession planning, if any. Provide revised draft.",
      "severity": "Material",
      "category": "Risk",
      "regulation_ref": "ICDR Regulations - Disclosure Requirements for Risk Factors",
      "missing_elements": [],
      "table_present": false,
      "issue_id": "KEY_MAN_DEPENDENCY_RISK",
      "disclosure_status": "DISCLOSED",
      "materiality": "MINOR",
      "tone": "SOFT",
      "recommended_section": "Risk Factors"
    },
    {
      "type": "nse_content_query",
      "page": "131",
      "observation": "On page no. 131, it is mentioned the disclosure regarding management experience jargon. Kindly define \u2018seasoned experts\u2019 and provide a revised draft.",
      "severity": "Material",
      "category": "Hygiene",
      "regulation_ref": "ICDR Regulations - General Disclosure Standards",
      "missing_elements": [],
      "table_present": false,
      "issue_id": "MANAGEMENT_EXPERIENCE_JARGON",
      "disclosure_status": "DISCLOSED",
      "materiality": "MINOR",
      "tone": "SOFT",
      "recommended_section": "Our Management"
    },
    {
      "type": "nse_content_query",
      "page": "131",
      "observation": "On page no. 131, it has been observed that the pictorial chart and the process flow defined below the same are not in line. Kindly review and share the revised draft along with confirmation that the same shall be updated in prospectus",
      "severity": "Material",
      "category": "Operational",
      "regulation_ref": "ICDR Regulations - General Disclosure Standards",
      "missing_elements": [],
      "table_present": false,
      "issue_id": "PROCESS_FLOW_ALIGNMENT",
      "disclosure_status": "DISCLOSED",
      "materiality": "MINOR",
      "tone": "SOFT",
      "recommended_section": "Business Overview"
    },
    {
      "type": "nse_content_query",
      "page": "131",
      "observation": "It has been observed that the table provided on page no. 131 is repetitive in nature. Kindly review and remove the same and provide confirmation that the same shall be updated in prospectus",
      "severity": "Material",
      "category": "Hygiene",
      "regulation_ref": "ICDR Regulations - General Disclosure Standards",
      "missing_elements": [],
      "table_present": false,
      "issue_id": "REPETITIVE_TABLE_REMOVAL",
      "disclosure_status": "DISCLOSED",
      "materiality": "MINOR",
      "tone": "SOFT",
      "recommended_section": "Business Overview"
    },
    {
      "type": "nse_content_query",
      "page": 132,
      "observation": "The footnote symbol is not referenced in the table. Kindly reconcile the same. Provide revised draft.",
      "severity": "Material",
      "category": "General",
      "regulation_ref": "ICDR Regulations - General Disclosure Standards",
      "missing_elements": [],
      "table_present": false,
      "issue_id": "FOOTNOTE_MISMATCH",
      "disclosure_status": "INCONSISTENT",
      "materiality": "MINOR",
      "tone": "CRITICAL",
      "recommended_section": "Business Overview"
    },
    {
      "type": "nse_content_query",
      "page": 132,
      "observation": "In \u201cOur Business\u201d chapter- It is observed that the Company has made use of superlative words / adjectives like \u201cExperienced\u201d, \u201ccomprehensive\u201d, \u201cexperienced\u201d, \u201cextensive\u201d, \u201chigh-quality\u201d, \u201cleader\u201d, \u201csignificant\u201d, \u201csuperior\u201d, \u201ctrusted\u201d etc. without citing the source and basis of the same as per the instructions mentioned in Schedule VI of the SEBI (ICDR) Regulations 2018 in relation to forward-looking statements. Kindly provide the source/basis of all such statements/claims. Also include these bases in the Material Documents Chapter available for inspection. If not, kindly review and revise the same. Further, the above mentioned points are merely indicative in nature, the Merchant banker shall vet the offer document and ensure that there are no disclosures which are advertising statements and marketing statement and if there are any it shall be either be drafted in a neutral language or provide a basis for the same or removed, to that end, kindly provide a draft along with a confirmation the same shall be placed at the time of prospectus as applicable",
      "severity": "Material",
      "category": "General",
      "regulation_ref": "ICDR Regulations - General Disclosure Standards",
      "missing_elements": [],
      "table_present": false,
      "issue_id": "GENERAL",
      "disclosure_status": "INCONSISTENT",
      "materiality": "MINOR",
      "merged_from": 18,
      "tone": "CRITICAL",
      "recommended_section": "Business Overview"
    },
    {
      "type": "nse_content_query",
      "page": 133,
      "observation": "[Critical - Operational] Throughout the Chapter (specifically on Page 145), the disclosure details a \"Procurement process\" involving \"Landi Renzo SpA for kits\" and \"other required components like empty cylinders are procured from Indian suppliers.\" It further states \"Assembled kits are distributed to authorized distributors and dealers, who, in turn, supply the kits to Retro fitment Centres (RFCs) for vehicle installations.\" This describes a supply chain for components and distribution of assembled kits. However, the initial statement declares \"Our company is neither producing nor processing any products.\" Clarify the extent of \"processing\" involved in the assembly of kits and the role of the company in this process, given the detailed description of procurement and distribution of assembled kits. Provide revised draft...",
      "severity": "Material",
      "category": "General",
      "regulation_ref": "ICDR Regulations - General Disclosure Standards",
      "missing_elements": [],
      "table_present": false,
      "issue_id": "GENERAL",
      "disclosure_status": "DISCLOSED",
      "materiality": "MINOR",
      "merged_from": 7,
      "tone": "SOFT",
      "recommended_section": "Business Overview"
    },
    {
      "type": "nse_expectation_question",
      "page": "N/A",
      "observation": "Provide the evidentiary source for the claim 'res clean air for the sensor, leading to accurate' and quantify the basis (market data or citation).",
      "severity": "Material",
      "category": "Expectation",
      "locked": true,
      "issue_id": "superlative_claims_source",
      "disclosure_status": "DISCLOSED",
      "materiality": "MINOR",
      "tone": "SOFT",
      "recommended_section": "Business Overview"
    },
    {
      "type": "nse_expectation_question",
      "page": "N/A",
      "observation": "For risk 'oking statements that involve risks and uncertainties. Before deciding to invest in the Equity', provide specific mitigation steps the company has implemented or plans to implement.",
      "severity": "Material",
      "category": "Expectation",
      "locked": true,
      "issue_id": "material_risk_coverage",
      "disclosure_status": "DISCLOSED",
      "materiality": "MINOR",
      "tone": "SOFT",
      "recommended_section": "Risk Factors"
    },
    {
      "type": "contradiction",
      "page": "2 to 15",
      "observation": "On page no. 2 to 15, there appears to be a numerical inconsistency regarding DEALERS. The disclosure mentions conflicting values: 6 vs 31 vs 88 vs 2012. Kindly reconcile this factual contradiction and provide revised draft along with confirmation that the same shall be updated in the final prospectus.",
      "severity": "Critical - Valuation",
      "category": "Forensic",
      "issue_id": "CONTRADICTION_NUMERIC",
      "regulation_ref": "ICDR Regulations - General Disclosure Standards",
      "contradiction_details": {
        "type": "NUMERIC",
        "entity": "DEALERS",
        "values": [
          "6",
          "31",
          "88",
          "2012"
        ]
      }
    },
    {
      "type": "contradiction",
      "page": "2 to 18",
      "observation": "On page no. 2 to 18, there appears to be a numerical inconsistency regarding CUSTOMERS. The disclosure mentions conflicting values: 1 vs 2 vs 5 vs 11 vs 29 vs 43 vs 59 vs 61 vs 78 vs 121 vs 2024. Kindly reconcile this factual contradiction and provide revised draft along with confirmation that the same shall be updated in the final prospectus.",
      "severity": "Critical - Valuation",
      "category": "Forensic",
      "issue_id": "CONTRADICTION_NUMERIC",
      "regulation_ref": "ICDR Regulations - General Disclosure Standards",
      "contradiction_details": {
        "type": "NUMERIC",
        "entity": "CUSTOMERS",
        "values": [
          "1",
          "2",
          "5",
          "11",
          "29",
          "43",
          "59",
          "61",
          "78",
          "121",
          "2024"
        ]
      }
    },
    {
      "type": "contradiction",
      "page": "3 to 18",
      "observation": "On page no. 3 to 18, there appears to be a numerical inconsistency regarding SUPPLIERS. The disclosure mentions conflicting values: 1 vs 2 vs 3 vs 24 vs 50 vs 58 vs 71 vs 2024. Kindly reconcile this factual contradiction and provide revised draft along with confirmation that the same shall be updated in the final prospectus.",
      "severity": "Critical - Valuation",
      "category": "Forensic",
      "issue_id": "CONTRADICTION_NUMERIC",
      "regulation_ref": "ICDR Regulations - General Disclosure Standards",
      "contradiction_details": {
        "type": "NUMERIC",
        "entity": "SUPPLIERS",
        "values": [
          "1",
          "2",
          "3",
          "24",
          "50",
          "58",
          "71",
          "2024"
        ]
      }
    },
    {
      "type": "contradiction",
      "page": "8 to 21",
      "observation": "On page no. 8 to 21, there appears to be a numerical inconsistency regarding FACILITIES. The disclosure mentions conflicting values: 1 vs 2 vs 3 vs 5 vs 6 vs 2025. Kindly reconcile this factual contradiction and provide revised draft along with confirmation that the same shall be updated in the final prospectus.",
      "severity": "Critical - Valuation",
      "category": "Forensic",
      "issue_id": "CONTRADICTION_NUMERIC",
      "regulation_ref": "ICDR Regulations - General Disclosure Standards",
      "contradiction_details": {
        "type": "NUMERIC",
        "entity": "FACILITIES",
        "values": [
          "1",
          "2",
          "3",
          "5",
          "6",
          "2025"
        ]
      }
    },
    {
      "type": "contradiction",
      "page": "10 and 18",
      "observation": "On page no. 10 and 18, there appears to be a numerical inconsistency regarding PRODUCTS. The disclosure mentions conflicting values: 1 vs 130. Kindly reconcile this factual contradiction and provide revised draft along with confirmation that the same shall be updated in the final prospectus.",
      "severity": "Critical - Valuation",
      "category": "Forensic",
      "issue_id": "CONTRADICTION_NUMERIC",
      "regulation_ref": "ICDR Regulations - General Disclosure Standards",
      "contradiction_details": {
        "type": "NUMERIC",
        "entity": "PRODUCTS",
        "values": [
          "1",
          "130"
        ]
      }
    },
    {
      "type": "contradiction",
      "page": "11 and 16",
      "observation": "On page no. 11 and 16, there appears to be a numerical inconsistency regarding EMPLOYEES. The disclosure mentions conflicting values: 15 vs 190. Kindly reconcile this factual contradiction and provide revised draft along with confirmation that the same shall be updated in the final prospectus.",
      "severity": "Critical - Valuation",
      "category": "Forensic",
      "issue_id": "CONTRADICTION_NUMERIC",
      "regulation_ref": "ICDR Regulations - General Disclosure Standards",
      "contradiction_details": {
        "type": "NUMERIC",
        "entity": "EMPLOYEES",
        "values": [
          "15",
          "190"
        ]
      }
    },
    {
      "type": "purpose_interrogation",
      "page": "1",
      "observation": "On page no. 1, it is claimed: 'allows us to market and sell LPG, CNG, and LNG conversion kits in India'. Kindly quantify this benefit by providing: (a) historical evidence (\u20b9/% contribution in past 3 years); (b) reconciliation with financial statements showing this benefit; (c) peer comparison (whether similar benefits available to competitors); and (d) forward-looking quantification if material. Provide revised draft.",
      "severity": "Material",
      "category": "Operational",
      "issue_id": "PURPOSE_BENEFIT_CLAIM",
      "regulation_ref": "ICDR Regulations - General Disclosure Standards",
      "interrogation_category": "BENEFIT_CLAIM"
    },
    {
      "type": "purpose_interrogation",
      "page": "1",
      "observation": "On page no. 1, dependency is mentioned: 'based on our Restated Consolidated Financial Statements included in this Draft Red Herring Prospectus'. Kindly disclose: (a) % of revenue/operations dependent on this factor; (b) historical instances of disruption (if any) and quantified impact; (c) mitigation measures with timeline and cost; and (d) a specific Risk Factor. Provide revised draft.",
      "severity": "Material",
      "category": "Operational",
      "issue_id": "PURPOSE_DEPENDENCY_STATEMENT",
      "regulation_ref": "ICDR Regulations - General Disclosure Standards",
      "interrogation_category": "DEPENDENCY_STATEMENT"
    },
    {
      "type": "purpose_interrogation",
      "page": "5",
      "observation": "On page no. 5, it is claimed: 'enable us to\n            understand and anticipate market trends, manage our business operations and growth, leverage custome'. Kindly quantify this benefit by providing: (a) historical evidence (\u20b9/% contribution in past 3 years); (b) reconciliation with financial statements showing this benefit; (c) peer comparison (whether similar benefits available to competitors); and (d) forward-looking quantification if material. Provide revised draft.",
      "severity": "Material",
      "category": "Operational",
      "issue_id": "PURPOSE_BENEFIT_CLAIM",
      "regulation_ref": "ICDR Regulations - General Disclosure Standards",
      "interrogation_category": "BENEFIT_CLAIM"
    },
    {
      "type": "purpose_interrogation",
      "page": "5",
      "observation": "On page no. 5, it is claimed: 'allows us to market and sell LPG, CNG, and\n            LNG conversion kits in India under the LOVATO brand name'. Kindly quantify this benefit by providing: (a) historical evidence (\u20b9/% contribution in past 3 years); (b) reconciliation with financial statements showing this benefit; (c) peer comparison (whether similar benefits available to competitors); and (d) forward-looking quantification if material. Provide revised draft.",
      "severity": "Material",
      "category": "Operational",
      "issue_id": "PURPOSE_BENEFIT_CLAIM",
      "regulation_ref": "ICDR Regulations - General Disclosure Standards",
      "interrogation_category": "BENEFIT_CLAIM"
    },
    {
      "type": "purpose_interrogation",
      "page": "5",
      "observation": "On page no. 5, it is claimed: 'enables us to competitively bid for a diverse range of projects'. Kindly quantify this benefit by providing: (a) historical evidence (\u20b9/% contribution in past 3 years); (b) reconciliation with financial statements showing this benefit; (c) peer comparison (whether similar benefits available to competitors); and (d) forward-looking quantification if material. Provide revised draft.",
      "severity": "Material",
      "category": "Operational",
      "issue_id": "PURPOSE_BENEFIT_CLAIM",
      "regulation_ref": "ICDR Regulations - General Disclosure Standards",
      "interrogation_category": "BENEFIT_CLAIM"
    },
    {
      "type": "purpose_interrogation",
      "page": "6",
      "observation": "On page no. 6, it is claimed: 'helps us to capture potential tender opportunities, further strengthening our market presence and\n            dr'. Kindly quantify this benefit by providing: (a) historical evidence (\u20b9/% contribution in past 3 years); (b) reconciliation with financial statements showing this benefit; (c) peer comparison (whether similar benefits available to competitors); and (d) forward-looking quantification if material. Provide revised draft.",
      "severity": "Material",
      "category": "Operational",
      "issue_id": "PURPOSE_BENEFIT_CLAIM",
      "regulation_ref": "ICDR Regulations - General Disclosure Standards",
      "interrogation_category": "BENEFIT_CLAIM"
    },
    {
      "type": "purpose_interrogation",
      "page": "10",
      "observation": "On page no. 10, it is claimed: 'enable us to strengthen customer\n            relationships by delivering quality products and enhance our capacit'. Kindly quantify this benefit by providing: (a) historical evidence (\u20b9/% contribution in past 3 years); (b) reconciliation with financial statements showing this benefit; (c) peer comparison (whether similar benefits available to competitors); and (d) forward-looking quantification if material. Provide revised draft.",
      "severity": "Material",
      "category": "Operational",
      "issue_id": "PURPOSE_BENEFIT_CLAIM",
      "regulation_ref": "ICDR Regulations - General Disclosure Standards",
      "interrogation_category": "BENEFIT_CLAIM"
    },
    {
      "type": "purpose_interrogation",
      "page": "11",
      "observation": "On page no. 11, the disclosure mentions: 'will\n            allow the company to provide end'. Kindly provide: (a) quantified rationale (\u20b9/% impact on revenue/profitability expected in next 3 years); (b) concrete timeline with milestones; (c) capital allocation and source of funds; and (d) a corresponding Risk Factor if execution depends on market conditions or regulatory approvals. Provide revised draft.",
      "severity": "Material",
      "category": "Operational",
      "issue_id": "PURPOSE_STRATEGIC_INTENT",
      "regulation_ref": "ICDR Regulations - General Disclosure Standards",
      "interrogation_category": "STRATEGIC_INTENT"
    },
    {
      "type": "purpose_interrogation",
      "page": "11",
      "observation": "On page no. 11, the disclosure mentions: 'will differentiate the company from competitors'. Kindly provide: (a) quantified rationale (\u20b9/% impact on revenue/profitability expected in next 3 years); (b) concrete timeline with milestones; (c) capital allocation and source of funds; and (d) a corresponding Risk Factor if execution depends on market conditions or regulatory approvals. Provide revised draft.",
      "severity": "Material",
      "category": "Operational",
      "issue_id": "PURPOSE_STRATEGIC_INTENT",
      "regulation_ref": "ICDR Regulations - General Disclosure Standards",
      "interrogation_category": "STRATEGIC_INTENT"
    },
    {
      "type": "purpose_interrogation",
      "page": "11",
      "observation": "On page no. 11, the disclosure mentions: 'will be a cornerstone of the company'. Kindly provide: (a) quantified rationale (\u20b9/% impact on revenue/profitability expected in next 3 years); (b) concrete timeline with milestones; (c) capital allocation and source of funds; and (d) a corresponding Risk Factor if execution depends on market conditions or regulatory approvals. Provide revised draft.",
      "severity": "Material",
      "category": "Operational",
      "issue_id": "PURPOSE_STRATEGIC_INTENT",
      "regulation_ref": "ICDR Regulations - General Disclosure Standards",
      "interrogation_category": "STRATEGIC_INTENT"
    },
    {
      "type": "purpose_interrogation",
      "page": "11",
      "observation": "On page no. 11, the disclosure mentions: 'will help the company integrate its solutions into newly manufactured'. Kindly provide: (a) quantified rationale (\u20b9/% impact on revenue/profitability expected in next 3 years); (b) concrete timeline with milestones; (c) capital allocation and source of funds; and (d) a corresponding Risk Factor if execution depends on market conditions or regulatory approvals. Provide revised draft.",
      "severity": "Material",
      "category": "Operational",
      "issue_id": "PURPOSE_STRATEGIC_INTENT",
      "regulation_ref": "ICDR Regulations - General Disclosure Standards",
      "interrogation_category": "STRATEGIC_INTENT"
    },
    {
      "type": "purpose_interrogation",
      "page": "11",
      "observation": "On page no. 11, the disclosure mentions: 'will also allow the company to\n            develop customized solutions'. Kindly provide: (a) quantified rationale (\u20b9/% impact on revenue/profitability expected in next 3 years); (b) concrete timeline with milestones; (c) capital allocation and source of funds; and (d) a corresponding Risk Factor if execution depends on market conditions or regulatory approvals. Provide revised draft.",
      "severity": "Material",
      "category": "Operational",
      "issue_id": "PURPOSE_STRATEGIC_INTENT",
      "regulation_ref": "ICDR Regulations - General Disclosure Standards",
      "interrogation_category": "STRATEGIC_INTENT"
    },
    {
      "type": "purpose_interrogation",
      "page": "11",
      "observation": "On page no. 11, the disclosure mentions: 'will enhance the company'. Kindly provide: (a) quantified rationale (\u20b9/% impact on revenue/profitability expected in next 3 years); (b) concrete timeline with milestones; (c) capital allocation and source of funds; and (d) a corresponding Risk Factor if execution depends on market conditions or regulatory approvals. Provide revised draft.",
      "severity": "Material",
      "category": "Operational",
      "issue_id": "PURPOSE_STRATEGIC_INTENT",
      "regulation_ref": "ICDR Regulations - General Disclosure Standards",
      "interrogation_category": "STRATEGIC_INTENT"
    },
    {
      "type": "purpose_interrogation",
      "page": "11",
      "observation": "On page no. 11, it is claimed: 'allow the company to provide end-to-end solutions by installing CNG kits directly into vehicles'. Kindly quantify this benefit by providing: (a) historical evidence (\u20b9/% contribution in past 3 years); (b) reconciliation with financial statements showing this benefit; (c) peer comparison (whether similar benefits available to competitors); and (d) forward-looking quantification if material. Provide revised draft.",
      "severity": "Material",
      "category": "Operational",
      "issue_id": "PURPOSE_BENEFIT_CLAIM",
      "regulation_ref": "ICDR Regulations - General Disclosure Standards",
      "interrogation_category": "BENEFIT_CLAIM"
    },
    {
      "type": "purpose_interrogation",
      "page": "12",
      "observation": "On page no. 12, dependency is mentioned: 'essential for its proper functioning and\n                                                longevity'. Kindly disclose: (a) % of revenue/operations dependent on this factor; (b) historical instances of disruption (if any) and quantified impact; (c) mitigation measures with timeline and cost; and (d) a specific Risk Factor. Provide revised draft.",
      "severity": "Material",
      "category": "Operational",
      "issue_id": "PURPOSE_DEPENDENCY_STATEMENT",
      "regulation_ref": "ICDR Regulations - General Disclosure Standards",
      "interrogation_category": "DEPENDENCY_STATEMENT"
    },
    {
      "type": "purpose_interrogation",
      "page": "15",
      "observation": "On page no. 15, it is claimed: 'leading to\n                                                accurate readings, improved engine\n                                                perfo...'. Kindly quantify this benefit by providing: (a) historical evidence (\u20b9/% contribution in past 3 years); (b) reconciliation with financial statements showing this benefit; (c) peer comparison (whether similar benefits available to competitors); and (d) forward-looking quantification if material. Provide revised draft.",
      "severity": "Material",
      "category": "Operational",
      "issue_id": "PURPOSE_BENEFIT_CLAIM",
      "regulation_ref": "ICDR Regulations - General Disclosure Standards",
      "interrogation_category": "BENEFIT_CLAIM"
    },
    {
      "type": "purpose_interrogation",
      "page": "16",
      "observation": "On page no. 16, dependency is mentioned: 'based on agreed terms'. Kindly disclose: (a) % of revenue/operations dependent on this factor; (b) historical instances of disruption (if any) and quantified impact; (c) mitigation measures with timeline and cost; and (d) a specific Risk Factor. Provide revised draft.",
      "severity": "Material",
      "category": "Operational",
      "issue_id": "PURPOSE_DEPENDENCY_STATEMENT",
      "regulation_ref": "ICDR Regulations - General Disclosure Standards",
      "interrogation_category": "DEPENDENCY_STATEMENT"
    },
    {
      "type": "purpose_interrogation",
      "page": "18",
      "observation": "On page no. 18, the disclosure mentions: 'will aim to address these issues by importing cylinders directly'. Kindly provide: (a) quantified rationale (\u20b9/% impact on revenue/profitability expected in next 3 years); (b) concrete timeline with milestones; (c) capital allocation and source of funds; and (d) a corresponding Risk Factor if execution depends on market conditions or regulatory approvals. Provide revised draft.",
      "severity": "Material",
      "category": "Operational",
      "issue_id": "PURPOSE_STRATEGIC_INTENT",
      "regulation_ref": "ICDR Regulations - General Disclosure Standards",
      "interrogation_category": "STRATEGIC_INTENT"
    },
    {
      "type": "purpose_interrogation",
      "page": "18",
      "observation": "On page no. 18, the disclosure mentions: 'will allow us to streamline its procurement process'. Kindly provide: (a) quantified rationale (\u20b9/% impact on revenue/profitability expected in next 3 years); (b) concrete timeline with milestones; (c) capital allocation and source of funds; and (d) a corresponding Risk Factor if execution depends on market conditions or regulatory approvals. Provide revised draft.",
      "severity": "Material",
      "category": "Operational",
      "issue_id": "PURPOSE_STRATEGIC_INTENT",
      "regulation_ref": "ICDR Regulations - General Disclosure Standards",
      "interrogation_category": "STRATEGIC_INTENT"
    },
    {
      "type": "purpose_interrogation",
      "page": "18",
      "observation": "On page no. 18, it is claimed: 'allow us to streamline its procurement process, gain more control over product quality,\n            and secure b'. Kindly quantify this benefit by providing: (a) historical evidence (\u20b9/% contribution in past 3 years); (b) reconciliation with financial statements showing this benefit; (c) peer comparison (whether similar benefits available to competitors); and (d) forward-looking quantification if material. Provide revised draft.",
      "severity": "Material",
      "category": "Operational",
      "issue_id": "PURPOSE_BENEFIT_CLAIM",
      "regulation_ref": "ICDR Regulations - General Disclosure Standards",
      "interrogation_category": "BENEFIT_CLAIM"
    },
    {
      "type": "purpose_interrogation",
      "page": "19",
      "observation": "On page no. 19, the disclosure mentions: 'plan to take care of the growth and motivation aspects of'. Kindly provide: (a) quantified rationale (\u20b9/% impact on revenue/profitability expected in next 3 years); (b) concrete timeline with milestones; (c) capital allocation and source of funds; and (d) a corresponding Risk Factor if execution depends on market conditions or regulatory approvals. Provide revised draft.",
      "severity": "Material",
      "category": "Operational",
      "issue_id": "PURPOSE_STRATEGIC_INTENT",
      "regulation_ref": "ICDR Regulations - General Disclosure Standards",
      "interrogation_category": "STRATEGIC_INTENT"
    },
    {
      "type": "purpose_interrogation",
      "page": "19",
      "observation": "On page no. 19, it is claimed: 'leading to issues with quality and warranty, and resulting in low customer\n            satisfaction'. Kindly quantify this benefit by providing: (a) historical evidence (\u20b9/% contribution in past 3 years); (b) reconciliation with financial statements showing this benefit; (c) peer comparison (whether similar benefits available to competitors); and (d) forward-looking quantification if material. Provide revised draft.",
      "severity": "Material",
      "category": "Operational",
      "issue_id": "PURPOSE_BENEFIT_CLAIM",
      "regulation_ref": "ICDR Regulations - General Disclosure Standards",
      "interrogation_category": "BENEFIT_CLAIM"
    },
    {
      "type": "purpose_interrogation",
      "page": "19",
      "observation": "On page no. 19, dependency is mentioned: 'key to the success of our\n            business and hence we have a structured organization plan to take car'. Kindly disclose: (a) % of revenue/operations dependent on this factor; (b) historical instances of disruption (if any) and quantified impact; (c) mitigation measures with timeline and cost; and (d) a specific Risk Factor. Provide revised draft.",
      "severity": "Material",
      "category": "Operational",
      "issue_id": "PURPOSE_DEPENDENCY_STATEMENT",
      "regulation_ref": "ICDR Regulations - General Disclosure Standards",
      "interrogation_category": "DEPENDENCY_STATEMENT"
    },
    {
      "type": "purpose_interrogation",
      "page": "20",
      "observation": "On page no. 20, dependency is mentioned: 'based on the import invoices to ensure\n            the safety and protection of goods during transit'. Kindly disclose: (a) % of revenue/operations dependent on this factor; (b) historical instances of disruption (if any) and quantified impact; (c) mitigation measures with timeline and cost; and (d) a specific Risk Factor. Provide revised draft.",
      "severity": "Material",
      "category": "Operational",
      "issue_id": "PURPOSE_DEPENDENCY_STATEMENT",
      "regulation_ref": "ICDR Regulations - General Disclosure Standards",
      "interrogation_category": "DEPENDENCY_STATEMENT"
    },
    {
      "type": "purpose_interrogation",
      "page": "21",
      "observation": "On page no. 21, the disclosure mentions: 'intend to optimize our processes and minimize\n            manual intervention by embarking'. Kindly provide: (a) quantified rationale (\u20b9/% impact on revenue/profitability expected in next 3 years); (b) concrete timeline with milestones; (c) capital allocation and source of funds; and (d) a corresponding Risk Factor if execution depends on market conditions or regulatory approvals. Provide revised draft.",
      "severity": "Material",
      "category": "Operational",
      "issue_id": "PURPOSE_STRATEGIC_INTENT",
      "regulation_ref": "ICDR Regulations - General Disclosure Standards",
      "interrogation_category": "STRATEGIC_INTENT"
    },
    {
      "type": "purpose_interrogation",
      "page": "21",
      "observation": "On page no. 21, it is claimed: 'enable us to\n               5'. Kindly quantify this benefit by providing: (a) historical evidence (\u20b9/% contribution in past 3 years); (b) reconciliation with financial statements showing this benefit; (c) peer comparison (whether similar benefits available to competitors); and (d) forward-looking quantification if material. Provide revised draft.",
      "severity": "Material",
      "category": "Operational",
      "issue_id": "PURPOSE_BENEFIT_CLAIM",
      "regulation_ref": "ICDR Regulations - General Disclosure Standards",
      "interrogation_category": "BENEFIT_CLAIM"
    },
    {
      "type": "purpose_interrogation",
      "page": "23",
      "observation": "On page no. 23, the disclosure mentions: 'will act as sole\n            distributor for the products in India'. Kindly provide: (a) quantified rationale (\u20b9/% impact on revenue/profitability expected in next 3 years); (b) concrete timeline with milestones; (c) capital allocation and source of funds; and (d) a corresponding Risk Factor if execution depends on market conditions or regulatory approvals. Provide revised draft.",
      "severity": "Material",
      "category": "Operational",
      "issue_id": "PURPOSE_STRATEGIC_INTENT",
      "regulation_ref": "ICDR Regulations - General Disclosure Standards",
      "interrogation_category": "STRATEGIC_INTENT"
    },
    {
      "type": "purpose_interrogation",
      "page": "23",
      "observation": "On page no. 23, the disclosure mentions: 'shall\n            remain in force till 31st December'. Kindly provide: (a) quantified rationale (\u20b9/% impact on revenue/profitability expected in next 3 years); (b) concrete timeline with milestones; (c) capital allocation and source of funds; and (d) a corresponding Risk Factor if execution depends on market conditions or regulatory approvals. Provide revised draft.",
      "severity": "Material",
      "category": "Operational",
      "issue_id": "PURPOSE_STRATEGIC_INTENT",
      "regulation_ref": "ICDR Regulations - General Disclosure Standards",
      "interrogation_category": "STRATEGIC_INTENT"
    },
    {
      "type": "purpose_interrogation",
      "page": "23",
      "observation": "On page no. 23, the disclosure mentions: 'plan to spend\n            on CSR activities which included activities Eradicating hunger'. Kindly provide: (a) quantified rationale (\u20b9/% impact on revenue/profitability expected in next 3 years); (b) concrete timeline with milestones; (c) capital allocation and source of funds; and (d) a corresponding Risk Factor if execution depends on market conditions or regulatory approvals. Provide revised draft.",
      "severity": "Material",
      "category": "Operational",
      "issue_id": "PURPOSE_STRATEGIC_INTENT",
      "regulation_ref": "ICDR Regulations - General Disclosure Standards",
      "interrogation_category": "STRATEGIC_INTENT"
    },
    {
      "type": "hygiene",
      "page": "1",
      "observation": "On page no. 1, acronym(s) 'NGB, LNG, MAP' appear without definition. Kindly provide full form on first occurrence or in glossary/abbreviations section. Provide revised draft.",
      "severity": "Hygiene",
      "category": "Drafting Quality",
      "issue_id": "UNDEFINED_ACRONYM",
      "regulation_ref": "SEBI Circular on DRHP Format"
    },
    {
      "type": "hygiene",
      "page": "2",
      "observation": "On page no. 2, acronym(s) 'LPG, CNG, LOVATO' appear without definition. Kindly provide full form on first occurrence or in glossary/abbreviations section. Provide revised draft.",
      "severity": "Hygiene",
      "category": "Drafting Quality",
      "issue_id": "UNDEFINED_ACRONYM",
      "regulation_ref": "SEBI Circular on DRHP Format"
    },
    {
      "type": "hygiene",
      "page": "2",
      "observation": "On page no. 2, numeric formatting appears inconsistent (both comma-separated and non-separated formats detected in tables/text). Kindly ensure uniform number formatting across all tables and disclosures. Provide revised draft.",
      "severity": "Hygiene",
      "category": "Drafting Quality",
      "issue_id": "INCONSISTENT_NUMBER_FORMAT",
      "regulation_ref": "SEBI Circular on DRHP Format"
    },
    {
      "type": "hygiene",
      "page": "3",
      "observation": "On page no. 3, acronym(s) 'OBD, BS, ARAI' appear without definition. Kindly provide full form on first occurrence or in glossary/abbreviations section. Provide revised draft.",
      "severity": "Hygiene",
      "category": "Drafting Quality",
      "issue_id": "UNDEFINED_ACRONYM",
      "regulation_ref": "SEBI Circular on DRHP Format"
    },
    {
      "type": "hygiene",
      "page": "4",
      "observation": "On page no. 4, acronym(s) 'BS, OUR, VI' appear without definition. Kindly provide full form on first occurrence or in glossary/abbreviations section. Provide revised draft.",
      "severity": "Hygiene",
      "category": "Drafting Quality",
      "issue_id": "UNDEFINED_ACRONYM",
      "regulation_ref": "SEBI Circular on DRHP Format"
    },
    {
      "type": "hygiene",
      "page": "5",
      "observation": "On page no. 5, acronym(s) 'LNG, OEM, US' appear without definition. Kindly provide full form on first occurrence or in glossary/abbreviations section. Provide revised draft.",
      "severity": "Hygiene",
      "category": "Drafting Quality",
      "issue_id": "UNDEFINED_ACRONYM",
      "regulation_ref": "SEBI Circular on DRHP Format"
    },
    {
      "type": "hygiene",
      "page": "5",
      "observation": "On page no. 5, numeric formatting appears inconsistent (both comma-separated and non-separated formats detected in tables/text). Kindly ensure uniform number formatting across all tables and disclosures. Provide revised draft.",
      "severity": "Hygiene",
      "category": "Drafting Quality",
      "issue_id": "INCONSISTENT_NUMBER_FORMAT",
      "regulation_ref": "SEBI Circular on DRHP Format"
    },
    {
      "type": "hygiene",
      "page": "6",
      "observation": "On page no. 6, acronym(s) 'GST' appear without definition. Kindly provide full form on first occurrence or in glossary/abbreviations section. Provide revised draft.",
      "severity": "Hygiene",
      "category": "Drafting Quality",
      "issue_id": "UNDEFINED_ACRONYM",
      "regulation_ref": "SEBI Circular on DRHP Format"
    },
    {
      "type": "hygiene",
      "page": "7",
      "observation": "On page no. 7, acronym(s) 'CNG, LPG' appear without definition. Kindly provide full form on first occurrence or in glossary/abbreviations section. Provide revised draft.",
      "severity": "Hygiene",
      "category": "Drafting Quality",
      "issue_id": "UNDEFINED_ACRONYM",
      "regulation_ref": "SEBI Circular on DRHP Format"
    },
    {
      "type": "hygiene",
      "page": "7",
      "observation": "On page no. 7, numeric formatting appears inconsistent (both comma-separated and non-separated formats detected in tables/text). Kindly ensure uniform number formatting across all tables and disclosures. Provide revised draft.",
      "severity": "Hygiene",
      "category": "Drafting Quality",
      "issue_id": "INCONSISTENT_NUMBER_FORMAT",
      "regulation_ref": "SEBI Circular on DRHP Format"
    },
    {
      "type": "hygiene",
      "page": "8",
      "observation": "On page no. 8, acronym(s) 'CNG, LPG' appear without definition. Kindly provide full form on first occurrence or in glossary/abbreviations section. Provide revised draft.",
      "severity": "Hygiene",
      "category": "Drafting Quality",
      "issue_id": "UNDEFINED_ACRONYM",
      "regulation_ref": "SEBI Circular on DRHP Format"
    },
    {
      "type": "hygiene",
      "page": "8",
      "observation": "On page no. 8, numeric formatting appears inconsistent (both comma-separated and non-separated formats detected in tables/text). Kindly ensure uniform number formatting across all tables and disclosures. Provide revised draft.",
      "severity": "Hygiene",
      "category": "Drafting Quality",
      "issue_id": "INCONSISTENT_NUMBER_FORMAT",
      "regulation_ref": "SEBI Circular on DRHP Format"
    },
    {
      "type": "hygiene",
      "page": "9",
      "observation": "On page no. 9, acronym(s) 'CNG, LOVATO, LPG' appear without definition. Kindly provide full form on first occurrence or in glossary/abbreviations section. Provide revised draft.",
      "severity": "Hygiene",
      "category": "Drafting Quality",
      "issue_id": "UNDEFINED_ACRONYM",
      "regulation_ref": "SEBI Circular on DRHP Format"
    },
    {
      "type": "hygiene",
      "page": "9",
      "observation": "On page no. 9, numeric formatting appears inconsistent (both comma-separated and non-separated formats detected in tables/text). Kindly ensure uniform number formatting across all tables and disclosures. Provide revised draft.",
      "severity": "Hygiene",
      "category": "Drafting Quality",
      "issue_id": "INCONSISTENT_NUMBER_FORMAT",
      "regulation_ref": "SEBI Circular on DRHP Format"
    },
    {
      "type": "hygiene",
      "page": "10",
      "observation": "On page no. 10, acronym(s) 'ISO, LNG, MSRTC' appear without definition. Kindly provide full form on first occurrence or in glossary/abbreviations section. Provide revised draft.",
      "severity": "Hygiene",
      "category": "Drafting Quality",
      "issue_id": "UNDEFINED_ACRONYM",
      "regulation_ref": "SEBI Circular on DRHP Format"
    },
    {
      "type": "hygiene",
      "page": "11",
      "observation": "On page no. 11, acronym(s) 'MSRTC, CNG' appear without definition. Kindly provide full form on first occurrence or in glossary/abbreviations section. Provide revised draft.",
      "severity": "Hygiene",
      "category": "Drafting Quality",
      "issue_id": "UNDEFINED_ACRONYM",
      "regulation_ref": "SEBI Circular on DRHP Format"
    },
    {
      "type": "hygiene",
      "page": "12",
      "observation": "On page no. 12, acronym(s) 'NGB, II, OBDII' appear without definition. Kindly provide full form on first occurrence or in glossary/abbreviations section. Provide revised draft.",
      "severity": "Hygiene",
      "category": "Drafting Quality",
      "issue_id": "UNDEFINED_ACRONYM",
      "regulation_ref": "SEBI Circular on DRHP Format"
    },
    {
      "type": "hygiene",
      "page": "13",
      "observation": "On page no. 13, acronym(s) 'LNG, BS, OBD' appear without definition. Kindly provide full form on first occurrence or in glossary/abbreviations section. Provide revised draft.",
      "severity": "Hygiene",
      "category": "Drafting Quality",
      "issue_id": "UNDEFINED_ACRONYM",
      "regulation_ref": "SEBI Circular on DRHP Format"
    },
    {
      "type": "hygiene",
      "page": "14",
      "observation": "On page no. 14, acronym(s) 'SWITCH, GAS, CNG' appear without definition. Kindly provide full form on first occurrence or in glossary/abbreviations section. Provide revised draft.",
      "severity": "Hygiene",
      "category": "Drafting Quality",
      "issue_id": "UNDEFINED_ACRONYM",
      "regulation_ref": "SEBI Circular on DRHP Format"
    },
    {
      "type": "hygiene",
      "page": "15",
      "observation": "On page no. 15, acronym(s) 'OBD, BS, ARAI' appear without definition. Kindly provide full form on first occurrence or in glossary/abbreviations section. Provide revised draft.",
      "severity": "Hygiene",
      "category": "Drafting Quality",
      "issue_id": "UNDEFINED_ACRONYM",
      "regulation_ref": "SEBI Circular on DRHP Format"
    },
    {
      "type": "hygiene",
      "page": "16",
      "observation": "On page no. 16, acronym(s) 'MSRTC' appear without definition. Kindly provide full form on first occurrence or in glossary/abbreviations section. Provide revised draft.",
      "severity": "Hygiene",
      "category": "Drafting Quality",
      "issue_id": "UNDEFINED_ACRONYM",
      "regulation_ref": "SEBI Circular on DRHP Format"
    },
    {
      "type": "hygiene",
      "page": "17",
      "observation": "On page no. 17, acronym(s) 'OUR, COGS' appear without definition. Kindly provide full form on first occurrence or in glossary/abbreviations section. Provide revised draft.",
      "severity": "Hygiene",
      "category": "Drafting Quality",
      "issue_id": "UNDEFINED_ACRONYM",
      "regulation_ref": "SEBI Circular on DRHP Format"
    },
    {
      "type": "hygiene",
      "page": "17",
      "observation": "On page no. 17, numeric formatting appears inconsistent (both comma-separated and non-separated formats detected in tables/text). Kindly ensure uniform number formatting across all tables and disclosures. Provide revised draft.",
      "severity": "Hygiene",
      "category": "Drafting Quality",
      "issue_id": "INCONSISTENT_NUMBER_FORMAT",
      "regulation_ref": "SEBI Circular on DRHP Format"
    },
    {
      "type": "hygiene",
      "page": "18",
      "observation": "On page no. 18, acronym(s) 'MSRTC, BS, DRHP' appear without definition. Kindly provide full form on first occurrence or in glossary/abbreviations section. Provide revised draft.",
      "severity": "Hygiene",
      "category": "Drafting Quality",
      "issue_id": "UNDEFINED_ACRONYM",
      "regulation_ref": "SEBI Circular on DRHP Format"
    },
    {
      "type": "hygiene",
      "page": "19",
      "observation": "On page no. 19, acronym(s) 'HUMAN, SALES, POLICY' appear without definition. Kindly provide full form on first occurrence or in glossary/abbreviations section. Provide revised draft.",
      "severity": "Hygiene",
      "category": "Drafting Quality",
      "issue_id": "UNDEFINED_ACRONYM",
      "regulation_ref": "SEBI Circular on DRHP Format"
    },
    {
      "type": "hygiene",
      "page": "19",
      "observation": "On page no. 19, numeric formatting appears inconsistent (both comma-separated and non-separated formats detected in tables/text). Kindly ensure uniform number formatting across all tables and disclosures. Provide revised draft.",
      "severity": "Hygiene",
      "category": "Drafting Quality",
      "issue_id": "INCONSISTENT_NUMBER_FORMAT",
      "regulation_ref": "SEBI Circular on DRHP Format"
    },
    {
      "type": "hygiene",
      "page": "20",
      "observation": "On page no. 20, acronym(s) 'TOTAL, ICICI' appear without definition. Kindly provide full form on first occurrence or in glossary/abbreviations section. Provide revised draft.",
      "severity": "Hygiene",
      "category": "Drafting Quality",
      "issue_id": "UNDEFINED_ACRONYM",
      "regulation_ref": "SEBI Circular on DRHP Format"
    },
    {
      "type": "hygiene",
      "page": "21",
      "observation": "On page no. 21, acronym(s) 'OBD, PLANT, CNG' appear without definition. Kindly provide full form on first occurrence or in glossary/abbreviations section. Provide revised draft.",
      "severity": "Hygiene",
      "category": "Drafting Quality",
      "issue_id": "UNDEFINED_ACRONYM",
      "regulation_ref": "SEBI Circular on DRHP Format"
    },
    {
      "type": "hygiene",
      "page": "22",
      "observation": "On page no. 22, acronym(s) 'MSRTC, UP, IMT' appear without definition. Kindly provide full form on first occurrence or in glossary/abbreviations section. Provide revised draft.",
      "severity": "Hygiene",
      "category": "Drafting Quality",
      "issue_id": "UNDEFINED_ACRONYM",
      "regulation_ref": "SEBI Circular on DRHP Format"
    },
    {
      "type": "hygiene",
      "page": "23",
      "observation": "On page no. 23, acronym(s) 'EXPORT, JOINT, SOCIAL' appear without definition. Kindly provide full form on first occurrence or in glossary/abbreviations section. Provide revised draft.",
      "severity": "Hygiene",
      "category": "Drafting Quality",
      "issue_id": "UNDEFINED_ACRONYM",
      "regulation_ref": "SEBI Circular on DRHP Format"
    },
    {
      "type": "financial_trend",
      "page": "17",
      "observation": "It has been observed that Purchase Of Stock revenue declined substantially (98.8%) in FY23 (\u20b961.66 Cr) as compared to FY22 (\u20b94996.10 Cr). Kindly provide detailed reasons for the same, refer page 17 of the DRHP.",
      "severity": "Major",
      "category": "Financial",
      "issue_id": "REVENUE_DECLINE_ANOMALY",
      "regulation_ref": "ICDR Regulations - Financial Disclosure"
    },
    {
      "type": "financial_trend",
      "page": "17",
      "observation": "It has been observed that Purchase Of Stock revenue declined substantially (98.7%) in FY25 (\u20b982.36 Cr) as compared to FY24 (\u20b96236.74 Cr). Kindly provide detailed reasons for the same, refer page 17 of the DRHP.",
      "severity": "Major",
      "category": "Financial",
      "issue_id": "REVENUE_DECLINE_ANOMALY",
      "regulation_ref": "ICDR Regulations - Financial Disclosure"
    },
    {
      "type": "financial_trend",
      "page": "17",
      "observation": "It has been observed that Particular March revenue declined substantially (98.5%) in FY24 (\u20b931.00 Cr) as compared to FY23 (\u20b92025.00 Cr). Kindly provide detailed reasons for the same, refer page 17 of the DRHP.",
      "severity": "Major",
      "category": "Financial",
      "issue_id": "REVENUE_DECLINE_ANOMALY",
      "regulation_ref": "ICDR Regulations - Financial Disclosure"
    },
    {
      "type": "financial_trend",
      "page": "17",
      "observation": "It has been observed that March revenue declined substantially (98.5%) in FY24 (\u20b931.00 Cr) as compared to FY23 (\u20b92025.00 Cr). Kindly provide detailed reasons for the same, refer page 17 of the DRHP.",
      "severity": "Major",
      "category": "Financial",
      "issue_id": "REVENUE_DECLINE_ANOMALY",
      "regulation_ref": "ICDR Regulations - Financial Disclosure"
    },
    {
      "type": "financial_trend",
      "page": "17",
      "observation": "It has been observed that Italy revenue declined substantially (98.4%) in FY25 (\u20b929.42 Cr) as compared to FY24 (\u20b91834.93 Cr). Kindly provide detailed reasons for the same, refer page 17 of the DRHP.",
      "severity": "Major",
      "category": "Financial",
      "issue_id": "REVENUE_DECLINE_ANOMALY",
      "regulation_ref": "ICDR Regulations - Financial Disclosure"
    },
    {
      "type": "financial_trend",
      "page": "17",
      "observation": "It has been observed that Domestic revenue declined substantially (98.4%) in FY25 (\u20b969.31 Cr) as compared to FY24 (\u20b94322.70 Cr). Kindly provide detailed reasons for the same, refer page 17 of the DRHP.",
      "severity": "Major",
      "category": "Financial",
      "issue_id": "REVENUE_DECLINE_ANOMALY",
      "regulation_ref": "ICDR Regulations - Financial Disclosure"
    },
    {
      "type": "financial_trend",
      "page": "17",
      "observation": "It has been observed that China revenue declined substantially (98.4%) in FY25 (\u20b91.27 Cr) as compared to FY24 (\u20b979.11 Cr). Kindly provide detailed reasons for the same, refer page 17 of the DRHP.",
      "severity": "Major",
      "category": "Financial",
      "issue_id": "REVENUE_DECLINE_ANOMALY",
      "regulation_ref": "ICDR Regulations - Financial Disclosure"
    },
    {
      "type": "financial_trend",
      "page": "17",
      "observation": "It has been observed that China revenue declined substantially (98.0%) in FY23 (\u20b96.01 Cr) as compared to FY22 (\u20b9300.51 Cr). Kindly provide detailed reasons for the same, refer page 17 of the DRHP.",
      "severity": "Major",
      "category": "Financial",
      "issue_id": "REVENUE_DECLINE_ANOMALY",
      "regulation_ref": "ICDR Regulations - Financial Disclosure"
    },
    {
      "type": "financial_trend",
      "page": "17",
      "observation": "It has been observed that Italy revenue declined substantially (98.0%) in FY23 (\u20b933.10 Cr) as compared to FY22 (\u20b91653.72 Cr). Kindly provide detailed reasons for the same, refer page 17 of the DRHP.",
      "severity": "Major",
      "category": "Financial",
      "issue_id": "REVENUE_DECLINE_ANOMALY",
      "regulation_ref": "ICDR Regulations - Financial Disclosure"
    },
    {
      "type": "financial_trend",
      "page": "17",
      "observation": "It has been observed that Domestic revenue declined substantially (98.0%) in FY23 (\u20b960.89 Cr) as compared to FY22 (\u20b93041.96 Cr). Kindly provide detailed reasons for the same, refer page 17 of the DRHP.",
      "severity": "Major",
      "category": "Financial",
      "issue_id": "REVENUE_DECLINE_ANOMALY",
      "regulation_ref": "ICDR Regulations - Financial Disclosure"
    },
    {
      "type": "financial_trend",
      "page": "17",
      "observation": "It has been observed that Top revenue declined substantially (98.0%) in FY24 (\u20b971.00 Cr) as compared to FY23 (\u20b93524.67 Cr). Kindly provide detailed reasons for the same, refer page 17 of the DRHP.",
      "severity": "Major",
      "category": "Financial",
      "issue_id": "REVENUE_DECLINE_ANOMALY",
      "regulation_ref": "ICDR Regulations - Financial Disclosure"
    },
    {
      "type": "export_split",
      "page": "1",
      "observation": "Kindly provide product-wise domestic and export sales bifurcation for the DRHP period. Include detailed breakup for all major products (Purchase Of Stock, In Trade, Particular March, etc.) in tabular format showing \u20b9 and % contribution.",
      "severity": "Material",
      "category": "Financial",
      "issue_id": "PRODUCT_EXPORT_SPLIT",
      "regulation_ref": "ICDR Regulations - Financial Disclosure"
    },
    {
      "type": "trademark_details",
      "page": "1",
      "observation": "Refer to the trademark details in business chapter, kindly include the registration number, registration date, and validity period details for all trademarks in the DRHP. Provide this in tabular format showing: (a) Trademark name; (b) Class; (c) Registration No.; (d) Registration date; (e) Validity till; and (f) Territory. Provide revised draft.",
      "severity": "Hygiene",
      "category": "Legal",
      "issue_id": "TRADEMARK_DETAILS",
      "regulation_ref": "ICDR Regulations - Legal Disclosure"
    },
    {
      "type": "property_area",
      "page": "3 to 23",
      "observation": "Refer to the property section on page 3 to 23, kindly include the area details (i.e. sq.ft., sq. meters, acres etc.) for all properties (owned and leased). Provide this in the property table along with: (a) built-up area; (b) land area; (c) unit of measurement; and (d) usage (manufacturing/office/warehouse). Provide revised draft.",
      "severity": "Hygiene",
      "category": "Legal",
      "issue_id": "PROPERTY_AREA_DETAILS",
      "regulation_ref": "ICDR Regulations - Property Disclosure"
    },
    {
      "type": "omission",
      "page": "19",
      "observation": "Refer to page 19, kindly provide rationale for not including certain revenue segments (e.g., consumer durables, appliances, etc.) details in the competition section, if these segments contribute materially to revenue. If these segments are not material, provide disclosure confirming the same. Provide revised draft.",
      "severity": "Material",
      "category": "Omission",
      "issue_id": "COMPETITION_OMISSION",
      "regulation_ref": "ICDR Regulations - Completeness"
    }
  ],
  "nse_engine_gemini_enabled": true,
  "total_queries": 36,
  "internal_stats": {
    "total_checked": 0,
    "total_skipped": 0
  },
  "total_requirements": 36,
  "summary": {
    "total": 36,
    "Major": 22,
    "Observation": 0,
    "Clarification": 0
  },
  "completed_at": "2026-01-03T14:19:55.351292+00:00",
  "processing_time_seconds": 80,
  "created_at": "2026-01-03T14:18:35.033383+00:00"
}