{
  "status": "failed",
  "job_id": "1cb3f30f-0109-4f9b-88e3-ac4a371b78bd",
  "user_email": "local_user@localhost",
  "drhp_chapter": "CHAPTER_V_ABOUT_COMPANY",
  "drhp_chapter_name": "CHAPTER V \u2013 ABOUT THE COMPANY",
  "regulation_type": "ICDR",
  "use_multi_agent": true,
  "initial_limit": 30,
  "document_name": "tri_business.pdf",
  "local_file_path": "uploads/1cb3f30f-0109-4f9b-88e3-ac4a371b78bd/tri_business.pdf",
  "created_at": "2026-01-04T12:03:56.802863+00:00",
  "progress": "Processing with NSE-aligned orchestrator (IPO applicability filtering enabled)...",
  "mode": "NSE_ALIGNED_PRODUCTION",
  "neo4j_chapters": [
    "Chapter II"
  ],
  "mandatory_only": true,
  "started_at": "2026-01-04T12:03:56.804806+00:00",
  "error": "FinancialQueryGenerator.generate_queries() takes 2 positional arguments but 3 were given",
  "error_traceback": "Traceback (most recent call last):\n  File \"/Users/yashmakwana/Documents/ipo-compliance-backend/main_local.py\", line 302, in process_compliance_check\n    result = multi_agent_orchestrator.check_drhp_compliance(\n        drhp_file_path=file_path,\n    ...<5 lines>...\n        output_format=\"structured\"\n    )\n  File \"/Users/yashmakwana/Documents/ipo-compliance-backend/multi_agent_orchestrator.py\", line 348, in check_drhp_compliance\n    context_aware_results = self.context_aware_generator.generate_all_queries(\n        context=drhp_context,\n        pages_dict=pages_dict\n    )\n  File \"/Users/yashmakwana/Documents/ipo-compliance-backend/context_aware_query_generators.py\", line 913, in generate_all_queries\n    results['financial'] = self.financial_generator.generate_queries(context, pages_dict)\n                           ~~~~~~~~~~~~~~~~~~~~~~~~~~~~~~~~~~~~~~~~~^^^^^^^^^^^^^^^^^^^^^\nTypeError: FinancialQueryGenerator.generate_queries() takes 2 positional arguments but 3 were given\n",
  "completed_at": "2026-01-04T12:05:14.013194+00:00"
}