{
  "status": "completed",
  "job_id": "676df369-d8f9-4d3d-a15a-11ac53b187c9",
  "user_email": "local_user@localhost",
  "mode": "NSE_ALIGNED_PRODUCTION",
  "regulation_type": "ICDR",
  "drhp_chapter": "CHAPTER_V_ABOUT_COMPANY",
  "drhp_chapter_name": "CHAPTER V \u2013 ABOUT THE COMPANY",
  "document_name": "tri_business.pdf",
  "company_name": "Trimoorty Foamtech Limited",
  "company_profile": {
    "revenue": 0,
    "employees": 0,
    "business_type": "automotive"
  },
  "ipo_structure": {
    "has_convertible_debt": false,
    "has_warrants": false,
    "has_secured_instruments": false,
    "has_sr_shares": false,
    "has_vc_or_pe": false,
    "has_employee_equity": false,
    "mentions_promoter_contribution": false,
    "mentions_lockin": true,
    "has_rights_issue": false,
    "has_qip": false
  },
  "nse_queries": [
    {
      "type": "nse_content_query",
      "page": "1",
      "observation": "On page no. 1, it is mentioned the disclosure regarding unnamed foreign entities. The Company mentions foreign business partner(s) without providing complete names and details. Kindly provide: (a) complete name and registration details of such entity; (b) nature and terms of business arrangement; (c) dependency analysis and alternate arrangements, if any. Provide revised draft along with confirmation that the same shall be updated in prospectus.",
      "severity": "Material",
      "category": "Compliance",
      "regulation_ref": "ICDR Regulations - General Disclosure Standards",
      "missing_elements": [],
      "table_present": false,
      "issue_id": "UNNAMED_FOREIGN_ENTITIES",
      "disclosure_status": "DISCLOSED",
      "materiality": "MINOR",
      "tone": "SOFT",
      "recommended_section": "Government and Other Approvals"
    },
    {
      "type": "nse_content_query",
      "page": "23 and 26",
      "observation": "If the narrative mentions the sku count as 2.0 on page 23 but the Table/another section reflects 5.0 on page 26, kindly reconcile the factual contradiction and provide revised draft of the table along with confirmation that the same shall be updated in prospectus",
      "severity": "Material",
      "category": "Forensic",
      "regulation_ref": "ICDR Regulations - General Disclosure Standards",
      "missing_elements": [],
      "table_present": false,
      "issue_id": "CROSS_PAGE_INCONSISTENCY",
      "disclosure_status": "INCONSISTENT",
      "materiality": "MINOR",
      "tone": "CRITICAL",
      "recommended_section": "Business Overview"
    },
    {
      "type": "nse_content_query",
      "page": "Various",
      "observation": "In \u201cOur Business\u201d chapter- It is observed that the Company has made use of superlative words / adjectives like \u201cSeasoned\u201d, \u201ccomprehensive\u201d, \u201cexperienced\u201d, \u201cextensive\u201d, \u201chigh-quality\u201d, \u201csignificant\u201d, \u201csuperior\u201d, \u201ctrusted\u201d etc. without citing the source and basis of the same as per the instructions mentioned in Schedule VI of the SEBI (ICDR) Regulations 2018 in relation to forward-looking statements. Kindly provide the source/basis of all such statements/claims. Also include these bases in the Material Documents Chapter available for inspection. If not, kindly review and revise the same. Further, the above mentioned points are merely indicative in nature, the Merchant banker shall vet the offer document and ensure that there are no disclosures which are advertising statements and marketing statement and if there are any it shall be either be drafted in a neutral language or provide a basis for the same or removed, to that end, kindly provide a draft along with a confirmation the same shall be placed at the time of prospectus as applicable",
      "severity": "Material",
      "category": "General",
      "regulation_ref": "ICDR Regulations - General Disclosure Standards",
      "missing_elements": [],
      "table_present": false,
      "issue_id": "GENERAL",
      "disclosure_status": "DISCLOSED",
      "materiality": "MINOR",
      "tone": "SOFT",
      "recommended_section": "Business Overview"
    },
    {
      "type": "nse_content_query",
      "page": 7,
      "observation": "[Critical - Operational] Throughout the Chapter (specifically on Page(s) 7), the disclosure states \"With most processes handled in-house, we minimize reliance on third-party vendors\". Quantify the ratio of in-house versus outsourced costs for key manufacturing processes and provide the percentage of total manufacturing cost represented by third-party vendors. However, a breakdown of the logistics mechanism, specifically the cost ratio between in-house logistics and outsourced logistics for the last three financial years and the stub period ending December 2024, is not provided. Provide revised draft...",
      "severity": "Material",
      "category": "General",
      "regulation_ref": "ICDR Regulations - General Disclosure Standards",
      "missing_elements": [],
      "table_present": false,
      "issue_id": "GENERAL",
      "disclosure_status": "DISCLOSED",
      "materiality": "MINOR",
      "merged_from": 2,
      "tone": "SOFT",
      "recommended_section": "Business Overview"
    },
    {
      "type": "nse_content_query",
      "page": 11,
      "observation": "[Critical - Operational] Throughout the Chapter (specifically on Page 154), the DRHP describes various product applications including \"air filtration systems\", \"oil filtration\", \"thermal/heat insulation\", \"acoustic/sound insulation\", \"felt parts\", \"angle cutting parts\", \"foam tubing\", \"heat shield/thermal jackets\", and \"aluminium laminated foam parts\". However, there is no explicit mention or quantification of the Company's R&D spend in relation to these product categories, nor is there a 3-year trend analysis of R&D spend as a percentage of revenue. [Critical - Operational] The disclosure on Page 16 outlines a detailed process for foam processing, including \"Band Saw Strip Cutting\", \"Foam Loading\", \"Forming\", \"Curing\", \"Demoulding\", \"De-flashing\", and \"Final Inspection\". However, there is no mention of the specific R&D expenditure allocated to optimizing these processes, nor is there a trend analysis of R&D spend as a percentage of revenue over the last three financial years and the stub period ending December 2024.",
      "severity": "Material",
      "category": "General",
      "regulation_ref": "ICDR Regulations - General Disclosure Standards",
      "missing_elements": [],
      "table_present": false,
      "issue_id": "GENERAL",
      "disclosure_status": "DISCLOSED",
      "materiality": "MINOR",
      "merged_from": 2,
      "tone": "SOFT",
      "recommended_section": "Business Overview"
    },
    {
      "type": "nse_content_query",
      "page": "8",
      "observation": "On page no. 8, it is mentioned specialized equipment. Kindly elaborate and explain the statement 'Custom Machinery for International Clients'. Clarify the CAPEX and timeline for the same. Provide revised draft.",
      "severity": "Material",
      "category": "Operational",
      "regulation_ref": "ICDR Regulations - General Disclosure Standards",
      "missing_elements": [],
      "table_present": false,
      "issue_id": "CUSTOM_MACHINERY_INTERNATIONAL",
      "disclosure_status": "INADEQUATE",
      "materiality": "MINOR",
      "tone": "STANDARD",
      "recommended_section": "Business Overview"
    },
    {
      "page": "9",
      "text": "On page 9, the Company mentions business partner without providing the name. Kindly provide the complete name of the business partner. Provide revised draft along with confirmation that the same shall be updated in the prospectus.",
      "type": "TYPE_UNNAMED_ENTITY",
      "issue_id": "UNNAMED_BUSINESS_PARTNER",
      "severity": "Material",
      "category": "Disclosure",
      "disclosure_status": "DISCLOSED",
      "materiality": "MINOR",
      "observation": "",
      "merged_from": 2,
      "tone": "SOFT",
      "recommended_section": "Business Overview"
    },
    {
      "type": "nse_expectation_question",
      "page": "N/A",
      "observation": "Provide the RPT summary table for the last 3 FYs including counterparties and amounts, or confirm if none exist.",
      "severity": "Material",
      "category": "Expectation",
      "locked": true,
      "issue_id": "related_party_transactions_disclosure",
      "disclosure_status": "DISCLOSED",
      "materiality": "MINOR",
      "tone": "SOFT",
      "recommended_section": "Business Overview"
    },
    {
      "type": "contradiction",
      "page": "24",
      "observation": "On page no. 24, there appears to be a numerical inconsistency regarding CUSTOMERS. The disclosure mentions conflicting values: 7 vs 8 vs 9 vs 10. Kindly reconcile this factual contradiction and provide revised draft along with confirmation that the same shall be updated in the final prospectus.",
      "severity": "Critical - Valuation",
      "category": "Forensic",
      "issue_id": "CONTRADICTION_NUMERIC",
      "regulation_ref": "ICDR Regulations - General Disclosure Standards",
      "contradiction_details": {
        "type": "NUMERIC",
        "entity": "CUSTOMERS",
        "values": [
          "7",
          "8",
          "9",
          "10"
        ]
      }
    },
    {
      "type": "purpose_interrogation",
      "page": "20",
      "observation": "On page no. 20, dependency is mentioned: 'based on actual production during the relevant fiscal year / period divided\n                                 '. Kindly disclose: (a) % of revenue/operations dependent on this factor; (b) historical instances of disruption (if any) and quantified impact; (c) mitigation measures with timeline and cost; and (d) a specific Risk Factor. Provide revised draft.",
      "severity": "Material",
      "category": "Operational",
      "issue_id": "PURPOSE_DEPENDENCY_STATEMENT",
      "regulation_ref": "ICDR Regulations - General Disclosure Standards",
      "interrogation_category": "DEPENDENCY_STATEMENT"
    },
    {
      "type": "hygiene",
      "page": "3",
      "observation": "On page no. 3, acronym(s) 'EPS, ROE, ROCE' appear without definition. Kindly provide full form on first occurrence or in glossary/abbreviations section. Provide revised draft.",
      "severity": "Hygiene",
      "category": "Drafting Quality",
      "issue_id": "UNDEFINED_ACRONYM",
      "regulation_ref": "SEBI Circular on DRHP Format"
    },
    {
      "type": "hygiene",
      "page": "6",
      "observation": "On page no. 6, acronym(s) 'ICE' appear without definition. Kindly provide full form on first occurrence or in glossary/abbreviations section. Provide revised draft.",
      "severity": "Hygiene",
      "category": "Drafting Quality",
      "issue_id": "UNDEFINED_ACRONYM",
      "regulation_ref": "SEBI Circular on DRHP Format"
    },
    {
      "type": "hygiene",
      "page": "7",
      "observation": "On page no. 7, acronym(s) 'IATF, ISO' appear without definition. Kindly provide full form on first occurrence or in glossary/abbreviations section. Provide revised draft.",
      "severity": "Hygiene",
      "category": "Drafting Quality",
      "issue_id": "UNDEFINED_ACRONYM",
      "regulation_ref": "SEBI Circular on DRHP Format"
    },
    {
      "type": "hygiene",
      "page": "9",
      "observation": "On page no. 9, acronym(s) 'EV' appear without definition. Kindly provide full form on first occurrence or in glossary/abbreviations section. Provide revised draft.",
      "severity": "Hygiene",
      "category": "Drafting Quality",
      "issue_id": "UNDEFINED_ACRONYM",
      "regulation_ref": "SEBI Circular on DRHP Format"
    },
    {
      "type": "hygiene",
      "page": "12",
      "observation": "On page no. 12, acronym(s) 'FIFO, GIN' appear without definition. Kindly provide full form on first occurrence or in glossary/abbreviations section. Provide revised draft.",
      "severity": "Hygiene",
      "category": "Drafting Quality",
      "issue_id": "UNDEFINED_ACRONYM",
      "regulation_ref": "SEBI Circular on DRHP Format"
    },
    {
      "type": "hygiene",
      "page": "13",
      "observation": "On page no. 13, acronym(s) 'PU' appear without definition. Kindly provide full form on first occurrence or in glossary/abbreviations section. Provide revised draft.",
      "severity": "Hygiene",
      "category": "Drafting Quality",
      "issue_id": "UNDEFINED_ACRONYM",
      "regulation_ref": "SEBI Circular on DRHP Format"
    },
    {
      "type": "hygiene",
      "page": "16",
      "observation": "On page no. 16, acronym(s) 'FIFO' appear without definition. Kindly provide full form on first occurrence or in glossary/abbreviations section. Provide revised draft.",
      "severity": "Hygiene",
      "category": "Drafting Quality",
      "issue_id": "UNDEFINED_ACRONYM",
      "regulation_ref": "SEBI Circular on DRHP Format"
    },
    {
      "type": "hygiene",
      "page": "29",
      "observation": "On page no. 29, footnote symbol '*' appears unreferenced. Kindly ensure all footnotes are properly cross-referenced (both in-text reference and footnote definition). Provide revised draft.",
      "severity": "Hygiene",
      "category": "Drafting Quality",
      "issue_id": "FOOTNOTE_MISMATCH",
      "regulation_ref": "SEBI Circular on DRHP Format"
    },
    {
      "type": "export_split",
      "page": "1",
      "observation": "Kindly provide product-wise domestic and export sales bifurcation for the DRHP period. Include detailed breakup for all major products (Automotive Products, Pharma Products, Textiles Products, etc.) in tabular format showing \u20b9 and % contribution.",
      "severity": "Material",
      "category": "Financial",
      "issue_id": "PRODUCT_EXPORT_SPLIT",
      "regulation_ref": "ICDR Regulations - Financial Disclosure"
    },
    {
      "type": "table_totals",
      "page": "168",
      "observation": "Refer page 168 include the row of total in all tables. Ensure all financial tables throughout the DRHP include a 'Total' row/column for arithmetic accuracy.",
      "severity": "Hygiene",
      "category": "Presentation",
      "issue_id": "MISSING_TABLE_TOTALS",
      "regulation_ref": "ICDR Regulations - Format"
    },
    {
      "type": "rd_disclosure",
      "page": "1",
      "observation": "Refer page 1, kindly check for inclusion of details of R&D and branding investment/expenditure done in DRHP period. Include: (a) number of employees in R&D department; (b) \u20b9 spent in past 3 FYs; (c) key outcomes/patents filed; and (d) future R&D plans. Provide revised draft.",
      "severity": "Material",
      "category": "Operational",
      "issue_id": "RD_INVESTMENT_DISCLOSURE",
      "regulation_ref": "ICDR Regulations - Business Disclosure"
    },
    {
      "type": "government_policy",
      "page": "1",
      "observation": "Page 1, kindly provide details of government policies/any benefit received in past DRHP period related to key product lines (pharma, toys, textiles). Include: (a) specific schemes availed; (b) \u20b9 benefit received (past 3 FYs); (c) eligibility criteria; and (d) sunset clauses/renewal. Provide revised draft.",
      "severity": "Material",
      "category": "Operational",
      "issue_id": "GOVERNMENT_POLICY_DISCLOSURE",
      "regulation_ref": "ICDR Regulations - Business Disclosure"
    },
    {
      "type": "manufacturing_split",
      "page": "1",
      "observation": "Kindly check for inclusion of details of major verticals/products split into own manufacturing and contractual manufacturing. Provide \u20b9 and % split for each major product line (Automotive Products, Pharma Products, Textiles Products, etc.) for past 3 FYs and stub period. Include: (a) capacity utilization for own manufacturing; (b) contract manufacturer names and locations; and (c) quality control mechanisms. Provide revised draft.",
      "severity": "Material",
      "category": "Operational",
      "issue_id": "MANUFACTURING_SPLIT",
      "regulation_ref": "ICDR Regulations - Business Disclosure"
    },
    {
      "type": "property_area",
      "page": "7",
      "observation": "Refer to the property section on page 7, kindly include the area details (i.e. sq.ft., sq. meters, acres etc.) for all properties (owned and leased). Provide this in the property table along with: (a) built-up area; (b) land area; (c) unit of measurement; and (d) usage (manufacturing/office/warehouse). Provide revised draft.",
      "severity": "Hygiene",
      "category": "Legal",
      "issue_id": "PROPERTY_AREA_DETAILS",
      "regulation_ref": "ICDR Regulations - Property Disclosure"
    },
    {
      "type": "scrap_details",
      "page": "1",
      "observation": "Refer to manufacturing process details, include the details of scrap and wastages details. Quantify the scrap generation %, wastage %, and yield loss analysis for the past 3 FYs. Provide the draft and incorporate the same in DRHP.",
      "severity": "Observation",
      "category": "Operational",
      "issue_id": "SCRAP_DETAILS_MISSING",
      "regulation_ref": "ICDR Regulations - Business Disclosure"
    },
    {
      "type": "omission",
      "page": "27",
      "observation": "Refer to page 27, kindly provide rationale for not including certain revenue segments (e.g., consumer durables, appliances, etc.) details in the competition section, if these segments contribute materially to revenue. If these segments are not material, provide disclosure confirming the same. Provide revised draft.",
      "severity": "Material",
      "category": "Omission",
      "issue_id": "COMPETITION_OMISSION",
      "regulation_ref": "ICDR Regulations - Completeness"
    }
  ],
  "nse_engine_gemini_enabled": true,
  "total_queries": 26,
  "internal_stats": {
    "total_checked": 0,
    "total_skipped": 0,
    "exhaustive_searches": 0
  },
  "total_requirements": 26,
  "summary": {
    "total": 26,
    "Major": 0,
    "Observation": 1,
    "Clarification": 0
  },
  "completed_at": "2026-01-04T12:26:20.018724+00:00",
  "processing_time_seconds": 81,
  "created_at": "2026-01-04T12:24:58.780288+00:00"
}