{
  "status": "completed",
  "job_id": "7c341c50-539f-4557-8868-66173e7681e8",
  "user_email": "local_user@localhost",
  "mode": "NSE_ALIGNED_PRODUCTION",
  "regulation_type": "ICDR",
  "drhp_chapter": "CHAPTER_V_ABOUT_COMPANY",
  "drhp_chapter_name": "CHAPTER V \u2013 ABOUT THE COMPANY",
  "document_name": "tri_business.pdf",
  "company_name": "Trimoorty Foamtech Limited",
  "company_profile": {
    "revenue": 0,
    "employees": 0,
    "business_type": "automotive"
  },
  "ipo_structure": {
    "has_convertible_debt": false,
    "has_warrants": false,
    "has_secured_instruments": false,
    "has_sr_shares": false,
    "has_vc_or_pe": false,
    "has_employee_equity": false,
    "mentions_promoter_contribution": false,
    "mentions_lockin": true,
    "has_rights_issue": false,
    "has_qip": false
  },
  "nse_queries": [
    {
      "type": "nse_content_query",
      "page": "23 and 26",
      "observation": "If the narrative mentions the sku count as 2.0 on page 23 but the Table/another section reflects 5.0 on page 26, kindly reconcile the factual contradiction and provide revised draft of the table along with confirmation that the same shall be updated in prospectus",
      "severity": "Material",
      "category": "Forensic",
      "regulation_ref": "ICDR Regulations - General Disclosure Standards",
      "missing_elements": [],
      "table_present": false,
      "issue_id": "CROSS_PAGE_INCONSISTENCY",
      "disclosure_status": "INCONSISTENT",
      "materiality": "MINOR",
      "merged_from": 2,
      "tone": "CRITICAL",
      "recommended_section": "Business Overview"
    },
    {
      "type": "nse_content_query",
      "page": "10 to 26",
      "observation": "On page no. 10 to 26, it is mentioned utilities for manufacturing. Kindly clarify by: (a) providing the source of power and water (State grid vs Captive vs Private supply); (b) detailing the dependency risk (\u20b9 impact of 1-day outage as % of EBITDA); (c) confirming availability of requisite NOCs/permits for water extraction/discharge. Provide revised draft.",
      "severity": "Material",
      "category": "Operational",
      "regulation_ref": "ICDR Regulations - General Disclosure Standards",
      "missing_elements": [],
      "table_present": false,
      "issue_id": "UTILITIES_POWER_WATER",
      "disclosure_status": "INADEQUATE",
      "materiality": "MINOR",
      "tone": "STANDARD",
      "recommended_section": "Business Overview"
    },
    {
      "type": "nse_content_query",
      "page": "14 to 129",
      "observation": "On page no. 14 to 129, it is mentioned production processes. Kindly clarify the operational cycle by: (a) clarifying the % of scrap/wastage generated and its impact on cost of production (\u20b9/%) and disposal method; (b) confirming if the pictorial flow-chart aligns precisely with the textual steps described (addressing any missing steps like QC/Rework); and (c) reconciling process labels. Provide revised draft and confirm it will be updated in the prospectus.",
      "severity": "Major",
      "category": "Operational",
      "regulation_ref": "ICDR Regulations - General Disclosure Standards",
      "missing_elements": [],
      "table_present": false,
      "issue_id": "OPERATIONAL_SCRAP",
      "disclosure_status": "MISSING",
      "materiality": "MATERIAL",
      "merged_from": 2,
      "tone": "DIRECTIVE",
      "recommended_section": "Business Overview"
    },
    {
      "type": "nse_content_query",
      "page": "1",
      "observation": "On page no. 1, it is mentioned the disclosure regarding sku reconciliation. However, in the table of product wise bifurcation of revenue on page no. 1, revenue from five products is mentioned. Kindly provide separate disclosures for all six products in the table. Further, kindly define \u2018Others\u2019 and provide a revised draft of the table along with confirmation that the same shall be updated in prospectus",
      "severity": "Major",
      "category": "Forensic",
      "regulation_ref": "ICDR Regulations - Disclosure Requirements for Financial Information",
      "missing_elements": [],
      "table_present": false,
      "issue_id": "REVENUE_MODEL_EXPLANATION",
      "disclosure_status": "DISCLOSED",
      "materiality": "MATERIAL",
      "merged_from": 8,
      "tone": "SOFT",
      "recommended_section": "Financial Information"
    },
    {
      "type": "nse_content_query",
      "page": "1",
      "observation": "On page no. 1, it is mentioned supplier dependency. Kindly provide the following in a tabular format (3 FYs + stub period): (a) list of Top 10 suppliers with \u20b9 crores and % contribution to total procurement; (b) details of long-term agreements (validity/renewal); and (c) a corresponding Risk Factor. Provide revised draft along with confirmation.",
      "severity": "Major",
      "category": "Operational",
      "regulation_ref": "ICDR Regulations - General Disclosure Standards",
      "missing_elements": [],
      "table_present": false,
      "issue_id": "SUPPLIER_CONCENTRATION",
      "disclosure_status": "DISCLOSED",
      "materiality": "MATERIAL",
      "merged_from": 2,
      "tone": "SOFT",
      "recommended_section": "Business Overview"
    },
    {
      "type": "nse_content_query",
      "page": "8",
      "observation": "Kindly confirm whether the Company is currently engaged in any research and development (R&D) activities. If yes, kindly provide additional details including the number of employees engaged in the said department and the expenditure incurred on the same in the past three years. Further, provide a revised draft of disclosures along with confirmation that the same will be updated in prospectus",
      "severity": "Major",
      "category": "Operational",
      "regulation_ref": "ICDR Regulations - General Disclosure Standards",
      "missing_elements": [],
      "table_present": false,
      "issue_id": "RD_INVESTMENT_DISCLOSURE",
      "disclosure_status": "DISCLOSED",
      "materiality": "MATERIAL",
      "merged_from": 3,
      "tone": "SOFT",
      "recommended_section": "Business Overview"
    },
    {
      "type": "nse_content_query",
      "page": "7",
      "observation": "On page no. 7, it is mentioned insurance disclosures. Kindly clarify by: (a) providing a 3-year comparative table of historical insurance losses vs claims vs excess payouts (\u20b9/%); and (b) assessing adequacy of cover relative to the scale of operations. Provide revised draft and confirm it will be updated in the prospectus.",
      "severity": "Material",
      "category": "Forensic",
      "regulation_ref": "ICDR Regulations - General Disclosure Requirements",
      "missing_elements": [],
      "table_present": false,
      "issue_id": "INSURANCE_AUDIT_MISMATCH",
      "disclosure_status": "INADEQUATE",
      "materiality": "MINOR",
      "tone": "STANDARD",
      "recommended_section": "Business Overview"
    },
    {
      "type": "nse_content_query",
      "page": "15",
      "observation": "On page no. 15, it is mentioned CSR activities. Kindly confirm whether the allocated amount was expended and specify the quantum thereof for the past three fiscal years. Further, provide a revised draft along with confirmation that the same will be updated in prospectus",
      "severity": "Material",
      "category": "Compliance",
      "regulation_ref": "ICDR Regulations - General Disclosure Requirements",
      "missing_elements": [],
      "table_present": false,
      "issue_id": "CSR_BUDGET_EXECUTION",
      "disclosure_status": "DISCLOSED",
      "materiality": "MINOR",
      "tone": "SOFT",
      "recommended_section": "Government and Other Approvals"
    },
    {
      "type": "nse_content_query",
      "page": "1",
      "observation": "On page no. 2, it is mentioned the disclosure regarding lease status mandatory. Kindly disclose in a tabular format, details of all properties leased along with details of lessor, lease tenure, lease rent, whether lessor is a related party (including whether a member of the promoter/ promoter group), whether lease deed is adequately stamped/ registered and provide a revised draft along with confirmation that the same shall be updated in prospectus",
      "severity": "Major",
      "category": "Legal",
      "regulation_ref": "ICDR Regulations - Disclosure Requirements for Risk Factors",
      "missing_elements": [],
      "table_present": false,
      "issue_id": "LEASE_EXPIRY_RISK",
      "disclosure_status": "DISCLOSED",
      "materiality": "MATERIAL",
      "merged_from": 2,
      "tone": "SOFT",
      "recommended_section": "Risk Factors"
    },
    {
      "type": "nse_content_query",
      "page": "1",
      "observation": "On page no. 1, it is mentioned the disclosure regarding subsidiary rationale. Kindly clarify the rationale for the existing corporate structure and the reasons for not undertaking business operations directly through the Issuer Company. Further, provide a revised draft along with confirmation.",
      "severity": "Material",
      "category": "Governance",
      "regulation_ref": "ICDR Regulations - General Disclosure Standards",
      "missing_elements": [],
      "table_present": false,
      "issue_id": "SUBSIDIARY_RATIONALE",
      "disclosure_status": "INADEQUATE",
      "materiality": "MINOR",
      "tone": "STANDARD",
      "recommended_section": "Business Overview"
    },
    {
      "type": "nse_content_query",
      "page": "1",
      "observation": "In \u201cOur Business\u201d chapter- It is observed that the Company has made use of superlative words / adjectives like the disclosure regarding superlative evidence etc. without citing the source and basis of the same as per the instructions mentioned in Schedule VI of the SEBI (ICDR) Regulations 2018 in relation to forward-looking statements. Kindly provide the source/basis of all such statements/claims. Also include these bases in the Material Documents Chapter available for inspection. If not, kindly review and revise the same. Further, the above mentioned points are merely indicative in nature, the Merchant banker shall vet the offer document and ensure that there are no disclosures which are advertising statements and marketing statement and if there are any it shall be either be drafted in a neutral language or provide a basis for the same or removed, to that end, kindly provide a draft along with a confirmation the same shall be placed at the time of prospectus as applicable",
      "severity": "Material",
      "category": "Marketing",
      "regulation_ref": "ICDR Regulations, Schedule VI - Forward-Looking Statements",
      "missing_elements": [],
      "table_present": false,
      "issue_id": "SUPERLATIVE_EVIDENCE",
      "disclosure_status": "DISCLOSED",
      "materiality": "MINOR",
      "tone": "SOFT",
      "recommended_section": "Business Overview"
    },
    {
      "type": "nse_content_query",
      "page": "6",
      "observation": "On page no. 6, it is mentioned the disclosure regarding logistics mechanism audit. Kindly provide details pertaining to the logistics mechanism of the Company, including the ratio of in-house vs outsourced logistics. Further, provide a revised draft along with confirmation that the same will be updated in prospectus",
      "severity": "Material",
      "category": "Operational",
      "regulation_ref": "ICDR Regulations - General Disclosure Standards",
      "missing_elements": [],
      "table_present": false,
      "issue_id": "LOGISTICS_MECHANISM_AUDIT",
      "disclosure_status": "INADEQUATE",
      "materiality": "MINOR",
      "tone": "STANDARD",
      "recommended_section": "Business Overview"
    },
    {
      "type": "nse_content_query",
      "page": "7",
      "observation": "On page no. 7, quality assurance processes are discussed. Kindly elaborate on the Company\u2019s quality assurance and control mechanisms. If the Company lacks in-house quality certifications, kindly provide the rationale and consider the inclusion of a risk factor. Further, provide a revised draft along with confirmation.",
      "severity": "Material",
      "category": "Quality",
      "regulation_ref": "ICDR Regulations - General Disclosure Standards",
      "missing_elements": [],
      "table_present": false,
      "issue_id": "QA_INSPECTION_CERT_PROCESS",
      "disclosure_status": "INADEQUATE",
      "materiality": "MINOR",
      "tone": "STANDARD",
      "recommended_section": "Business Overview"
    },
    {
      "type": "nse_content_query",
      "page": "1",
      "observation": "On page no. 1, it is mentioned the disclosure regarding management experience individual. As per drafting norms, kindly provide individual years of experience, specific domain expertise, and prior successful track record for each Key Managerial Personnel (KMP). Avoid generic aggregation. Provide revised draft and confirmation.",
      "severity": "Material",
      "category": "Governance",
      "regulation_ref": "Regulation 403(b), 403(c)",
      "missing_elements": [],
      "table_present": false,
      "issue_id": "MANAGEMENT_EXPERIENCE_INDIVIDUAL",
      "disclosure_status": "INADEQUATE",
      "materiality": "MINOR",
      "tone": "STANDARD",
      "recommended_section": "Our Management"
    },
    {
      "type": "nse_content_query",
      "page": "1",
      "observation": "On page no. 1, it is mentioned the disclosure regarding chinese distributor identification. Kindly check for inclusion/provide the name and detailed profile of such Chinese distributor. Clarify any regulatory/geopolitical risks associated. Provide revised draft.",
      "severity": "Material",
      "category": "Operational",
      "regulation_ref": "ICDR Regulations - Disclosure Requirements for Risk Factors",
      "missing_elements": [],
      "table_present": false,
      "issue_id": "RAW_MATERIAL_PRICE_VOLATILITY",
      "disclosure_status": "DISCLOSED",
      "materiality": "MINOR",
      "merged_from": 3,
      "tone": "SOFT",
      "recommended_section": "Risk Factors"
    },
    {
      "type": "nse_content_query",
      "page": "1",
      "observation": "On page no. 1, it is mentioned the disclosure regarding order book authenticity. Kindly provide a 3-year comparative table showing: (a) fresh orders received; (b) orders executed; (c) orders cancelled/modified; and (d) verification process for order book authenticity by statutory auditors. Provide revised draft.",
      "severity": "Major",
      "category": "Forensic",
      "regulation_ref": "ICDR Regulations - General Disclosure Standards",
      "missing_elements": [],
      "table_present": false,
      "issue_id": "ORDER_BOOK_AUTHENTICITY",
      "disclosure_status": "DISCLOSED",
      "materiality": "MATERIAL",
      "tone": "SOFT",
      "recommended_section": "Business Overview"
    },
    {
      "type": "nse_content_query",
      "page": "3",
      "observation": "On page no. 3, it is mentioned working capital requirements. Kindly provide a detailed rationale for inventory/debtor days being significantly higher/lower than industry peers. Include a 3-year comparative table mapping cash conversion cycle with operating cash flows. Provide revised draft.",
      "severity": "Major",
      "category": "Forensic",
      "regulation_ref": "ICDR Regulations - Disclosure Requirements for Financial Information",
      "missing_elements": [],
      "table_present": false,
      "issue_id": "WORKING_CAPITAL_INTENSITY_RATIONALE",
      "disclosure_status": "DISCLOSED",
      "materiality": "MATERIAL",
      "tone": "SOFT",
      "recommended_section": "Business Overview"
    },
    {
      "type": "nse_content_query",
      "page": "1",
      "observation": "On page no. 1, it is mentioned fixed assets. Kindly clarify the frequency of physical verification of fixed assets by management and whether any material discrepancies were noted in the last 3 fiscal years. Provide a certification from the statutory auditor regarding the same. Provide revised draft.",
      "severity": "Material",
      "category": "Forensic",
      "regulation_ref": "ICDR Regulations - General Disclosure Standards",
      "missing_elements": [],
      "table_present": false,
      "issue_id": "FIXED_ASSET_PHYSICAL_VERIFICATION",
      "disclosure_status": "INADEQUATE",
      "materiality": "MINOR",
      "tone": "STANDARD",
      "recommended_section": "Business Overview"
    },
    {
      "type": "nse_content_query",
      "page": "1",
      "observation": "On page no. 1, it is mentioned EHS compliance. Kindly disclose details of all past violations for environment, health and safety (EHS) laws and regulations. Disclose a suitable risk factor in this regard, if material. Provide revised draft.",
      "severity": "Material",
      "category": "Compliance",
      "regulation_ref": "ICDR Regulations - Disclosure Requirements for Risk Factors",
      "missing_elements": [],
      "table_present": false,
      "issue_id": "EHS_VIOLATIONS_RISK",
      "disclosure_status": "DISCLOSED",
      "materiality": "MINOR",
      "tone": "SOFT",
      "recommended_section": "Risk Factors"
    },
    {
      "type": "nse_content_query",
      "page": "1",
      "observation": "On page no. 1, it is mentioned violations/actions. Kindly disclose in detail, all violations and actions taken by statutory or regulatory authorities against the company. Provide revised draft.",
      "severity": "Material",
      "category": "Compliance",
      "regulation_ref": "ICDR Regulations - General Disclosure Standards",
      "missing_elements": [],
      "table_present": false,
      "issue_id": "REGULATORY_ACTIONS_HISTORY",
      "disclosure_status": "DISCLOSED",
      "materiality": "MINOR",
      "tone": "SOFT",
      "recommended_section": "Government and Other Approvals"
    },
    {
      "type": "nse_content_query",
      "page": "1",
      "observation": "On page no. 1, it is mentioned material litigations. Kindly disclose updated status of other material litigations against the company including any action against the company and any action taken by company to ensure compliance required in terms of litigations. Provide revised draft.",
      "severity": "Material",
      "category": "Legal",
      "regulation_ref": "ICDR Regulations - General Disclosure Standards",
      "missing_elements": [],
      "table_present": false,
      "issue_id": "LITIGATION_COMPLIANCE_STATUS",
      "disclosure_status": "DISCLOSED",
      "materiality": "MINOR",
      "tone": "SOFT",
      "recommended_section": "Outstanding Litigation and Material Developments"
    },
    {
      "type": "nse_content_query",
      "page": "1",
      "observation": "On page no. 1, it is mentioned statutory auditors. Kindly confirm whether there has been a change in auditor(s) before completion of the appointed term (in any of the past five fiscal years), and the reasons thereof. Provide revised draft.",
      "severity": "Material",
      "category": "Governance",
      "regulation_ref": "ICDR Regulations - General Disclosure Standards",
      "missing_elements": [],
      "table_present": false,
      "issue_id": "AUDITOR_CHANGE_5YR",
      "disclosure_status": "DISCLOSED",
      "materiality": "MINOR",
      "tone": "SOFT",
      "recommended_section": "Business Overview"
    },
    {
      "type": "nse_content_query",
      "page": "1",
      "observation": "On page no. 1, it is mentioned trade receivables. Kindly disclose the reason for substantial increase in trade receivables as Risk Factor. Provide revised draft.",
      "severity": "Material",
      "category": "Risk",
      "regulation_ref": "ICDR Regulations - Disclosure Requirements for Risk Factors",
      "missing_elements": [],
      "table_present": false,
      "issue_id": "RECEIVABLES_SURGE_RISK",
      "disclosure_status": "DISCLOSED",
      "materiality": "MINOR",
      "tone": "SOFT",
      "recommended_section": "Risk Factors"
    },
    {
      "type": "nse_content_query",
      "page": "3",
      "observation": "On page no. 3, it is mentioned comparable companies. Kindly disclose those parameter which are better KPI as a Risk Factor for comparable companies. Provide revised draft.",
      "severity": "Material",
      "category": "Risk",
      "regulation_ref": "ICDR Regulations - Disclosure Requirements for Risk Factors",
      "missing_elements": [],
      "table_present": false,
      "issue_id": "KPI_PEER_COMPARISON_RISK",
      "disclosure_status": "DISCLOSED",
      "materiality": "MINOR",
      "tone": "SOFT",
      "recommended_section": "Risk Factors"
    },
    {
      "type": "nse_content_query",
      "page": "1",
      "observation": "On page no. 1, it is mentioned import purchases. Kindly incorporate the details of country-wise import purchases value and % terms for the past three financial years and stub period. Provide revised draft.",
      "severity": "Major",
      "category": "Forensic",
      "regulation_ref": "ICDR Regulations - General Disclosure Standards",
      "missing_elements": [],
      "table_present": false,
      "issue_id": "COUNTRY_WISE_IMPORT_TABLE",
      "disclosure_status": "DISCLOSED",
      "materiality": "MATERIAL",
      "tone": "SOFT",
      "recommended_section": "Business Overview"
    },
    {
      "type": "nse_content_query",
      "page": "1",
      "observation": "On page no. 1, it is mentioned domestic purchases. Kindly include the state-wise dependency of domestic purchases for the past three financial years and stub period. Analyze the impact of supply chain disruptions in key states. Provide revised draft.",
      "severity": "Material",
      "category": "Operational",
      "regulation_ref": "ICDR Regulations - General Disclosure Standards",
      "missing_elements": [],
      "table_present": false,
      "issue_id": "STATE_WISE_DOMESTIC_DEPENDENCY",
      "disclosure_status": "DISCLOSED",
      "materiality": "MINOR",
      "tone": "SOFT",
      "recommended_section": "Risk Factors"
    },
    {
      "type": "nse_content_query",
      "page": "1",
      "observation": "On page no. 1, it is mentioned manufacturing verticals. Kindly check for inclusion of details of major verticals split into own manufacturing and contractual manufacturing. Provide \u20b9 and % split for each major product line. Provide revised draft.",
      "severity": "Material",
      "category": "Operational",
      "regulation_ref": "ICDR Regulations - General Disclosure Standards",
      "missing_elements": [],
      "table_present": false,
      "issue_id": "OWN_VS_CONTRACTUAL_MANUFACTURING",
      "disclosure_status": "DISCLOSED",
      "materiality": "MINOR",
      "tone": "SOFT",
      "recommended_section": "Business Overview"
    },
    {
      "type": "nse_content_query",
      "page": "1",
      "observation": "On page no. 1, it is mentioned Unit II license. Kindly include the details of factory license for Unit II and provide rationale for how the company is operating without the same in place. Further, provide confirmation whether the issuer has received crucial clearances. Provide revised draft.",
      "severity": "Major",
      "category": "Compliance",
      "regulation_ref": "ICDR Regulations - General Disclosure Standards",
      "missing_elements": [],
      "table_present": false,
      "issue_id": "FACTORY_LICENSE_CLEARANCE_GAP",
      "disclosure_status": "DISCLOSED",
      "materiality": "MATERIAL",
      "tone": "SOFT",
      "recommended_section": "Government and Other Approvals"
    },
    {
      "type": "nse_content_query",
      "page": "1",
      "observation": "On page no. 1, it is mentioned contingent liabilities / guarantees. Kindly provide: (a) nature and beneficiary of each guarantee; (b) \u20b9 amount and % of net worth; (c) tenure and trigger conditions; and (d) corresponding Risk Factor, if material. Provide revised draft.",
      "severity": "Major",
      "category": "Forensic",
      "regulation_ref": "ICDR Regulations - Disclosure Requirements for Financial Information",
      "missing_elements": [],
      "table_present": false,
      "issue_id": "CONTINGENT_LIABILITIES_GUARANTEES",
      "disclosure_status": "DISCLOSED",
      "materiality": "MATERIAL",
      "tone": "SOFT",
      "recommended_section": "Business Overview"
    },
    {
      "type": "nse_content_query",
      "page": "1",
      "observation": "On page no. 1, it is mentioned loans/advances to related parties. Kindly clarify: (a) purpose and commercial rationale; (b) interest rate vs market benchmark; (c) repayment status and recoverability; and (d) confirmation whether these are at arm\u2019s length. Provide revised draft.",
      "severity": "Major",
      "category": "Forensic",
      "regulation_ref": "ICDR Regulations - Disclosure Requirements for Related Party Transactions",
      "missing_elements": [],
      "table_present": false,
      "issue_id": "RPT_LOANS_ADVANCES",
      "disclosure_status": "INADEQUATE",
      "materiality": "MATERIAL",
      "tone": "STANDARD",
      "recommended_section": "Business Overview"
    },
    {
      "type": "nse_content_query",
      "page": "1",
      "observation": "On page no. 1, it is mentioned Objects of the Issue. Kindly provide: (a) project-wise deployment schedule (\u20b9 and timeline); (b) monitoring mechanism (internal/monitoring agency); (c) confirmation on handling deviations, if any. Provide revised draft.",
      "severity": "Major",
      "category": "Governance",
      "regulation_ref": "ICDR Regulations - Disclosure Requirements for Objects of the Issue",
      "missing_elements": [],
      "table_present": false,
      "issue_id": "OBJECTS_OF_ISSUE_UTILISATION",
      "disclosure_status": "DISCLOSED",
      "materiality": "MATERIAL",
      "tone": "SOFT",
      "recommended_section": "Business Overview"
    },
    {
      "type": "nse_content_query",
      "page": "1",
      "observation": "On page no. 1, it is mentioned the disclosure regarding key man dependency risk. Kindly assess and disclose key-man dependency risk and succession planning, if any. Provide revised draft.",
      "severity": "Material",
      "category": "Risk",
      "regulation_ref": "ICDR Regulations - Disclosure Requirements for Risk Factors",
      "missing_elements": [],
      "table_present": false,
      "issue_id": "KEY_MAN_DEPENDENCY_RISK",
      "disclosure_status": "DISCLOSED",
      "materiality": "MINOR",
      "tone": "SOFT",
      "recommended_section": "Risk Factors"
    },
    {
      "type": "nse_content_query",
      "page": "1",
      "observation": "On page no. 1, it is mentioned the disclosure regarding management experience jargon. Kindly define \u2018seasoned experts\u2019 and provide a revised draft.",
      "severity": "Material",
      "category": "Hygiene",
      "regulation_ref": "ICDR Regulations - General Disclosure Standards",
      "missing_elements": [],
      "table_present": false,
      "issue_id": "MANAGEMENT_EXPERIENCE_JARGON",
      "disclosure_status": "DISCLOSED",
      "materiality": "MINOR",
      "tone": "SOFT",
      "recommended_section": "Our Management"
    },
    {
      "type": "nse_content_query",
      "page": "1",
      "observation": "On page no. 1, it has been observed that the pictorial chart and the process flow defined below the same are not in line. Kindly review and share the revised draft along with confirmation that the same shall be updated in prospectus",
      "severity": "Material",
      "category": "Operational",
      "regulation_ref": "ICDR Regulations - General Disclosure Standards",
      "missing_elements": [],
      "table_present": false,
      "issue_id": "PROCESS_FLOW_ALIGNMENT",
      "disclosure_status": "DISCLOSED",
      "materiality": "MINOR",
      "tone": "SOFT",
      "recommended_section": "Business Overview"
    },
    {
      "type": "nse_content_query",
      "page": "1",
      "observation": "It has been observed that the table provided on page no. 1 is repetitive in nature. Kindly review and remove the same and provide confirmation that the same shall be updated in prospectus",
      "severity": "Material",
      "category": "Hygiene",
      "regulation_ref": "ICDR Regulations - General Disclosure Standards",
      "missing_elements": [],
      "table_present": false,
      "issue_id": "REPETITIVE_TABLE_REMOVAL",
      "disclosure_status": "DISCLOSED",
      "materiality": "MINOR",
      "tone": "SOFT",
      "recommended_section": "Business Overview"
    },
    {
      "type": "nse_content_query",
      "page": 2,
      "observation": "The footnote symbol is not referenced in the table. Kindly reconcile the same. Provide revised draft.",
      "severity": "Material",
      "category": "General",
      "regulation_ref": "ICDR Regulations - General Disclosure Standards",
      "missing_elements": [],
      "table_present": false,
      "issue_id": "FOOTNOTE_MISMATCH",
      "disclosure_status": "INCONSISTENT",
      "materiality": "MINOR",
      "tone": "CRITICAL",
      "recommended_section": "Business Overview"
    },
    {
      "type": "nse_content_query",
      "page": "Various",
      "observation": "In \u201cOur Business\u201d chapter- It is observed that the Company has made use of superlative words / adjectives like \u201cSeasoned\u201d, \u201ccomprehensive\u201d, \u201cexperienced\u201d, \u201cextensive\u201d, \u201chigh-quality\u201d, \u201csignificant\u201d, \u201csuperior\u201d, \u201ctrusted\u201d etc. without citing the source and basis of the same as per the instructions mentioned in Schedule VI of the SEBI (ICDR) Regulations 2018 in relation to forward-looking statements. Kindly provide the source/basis of all such statements/claims. Also include these bases in the Material Documents Chapter available for inspection. If not, kindly review and revise the same. Further, the above mentioned points are merely indicative in nature, the Merchant banker shall vet the offer document and ensure that there are no disclosures which are advertising statements and marketing statement and if there are any it shall be either be drafted in a neutral language or provide a basis for the same or removed, to that end, kindly provide a draft along with a confirmation the same shall be placed at the time of prospectus as applicable",
      "severity": "Material",
      "category": "General",
      "regulation_ref": "ICDR Regulations - General Disclosure Standards",
      "missing_elements": [],
      "table_present": false,
      "issue_id": "GENERAL",
      "disclosure_status": "DISCLOSED",
      "materiality": "MINOR",
      "tone": "SOFT",
      "recommended_section": "Business Overview"
    }
  ],
  "total_queries": 37,
  "internal_stats": {
    "total_checked": 0,
    "total_skipped": 0
  },
  "total_requirements": 37,
  "summary": {
    "total": 37,
    "Major": 12,
    "Observation": 0,
    "Clarification": 0
  },
  "completed_at": "2026-01-03T11:48:12.765959+00:00",
  "processing_time_seconds": 4,
  "created_at": "2026-01-03T11:48:08.646630+00:00"
}