{
  "status": "failed",
  "job_id": "a797c52c-25ba-4471-a59c-b327cf626505",
  "user_email": "local_user@localhost",
  "drhp_chapter": "CHAPTER_V_ABOUT_COMPANY",
  "drhp_chapter_name": "CHAPTER V \u2013 ABOUT THE COMPANY",
  "regulation_type": "ICDR",
  "use_multi_agent": true,
  "initial_limit": 30,
  "document_name": "tri_business.pdf",
  "local_file_path": "uploads/a797c52c-25ba-4471-a59c-b327cf626505/tri_business.pdf",
  "created_at": "2026-01-04T07:36:48.514562+00:00",
  "progress": "Processing with NSE-aligned orchestrator (IPO applicability filtering enabled)...",
  "mode": "NSE_ALIGNED_PRODUCTION",
  "neo4j_chapters": [
    "Chapter II"
  ],
  "mandatory_only": true,
  "started_at": "2026-01-04T07:36:48.515722+00:00",
  "error": "sequence item 0: expected str instance, int found",
  "error_traceback": "Traceback (most recent call last):\n  File \"/Users/yashmakwana/Documents/ipo-compliance-backend/main_local.py\", line 302, in process_compliance_check\n    result = multi_agent_orchestrator.check_drhp_compliance(\n        drhp_file_path=file_path,\n    ...<5 lines>...\n        output_format=\"structured\"\n    )\n  File \"/Users/yashmakwana/Documents/ipo-compliance-backend/multi_agent_orchestrator.py\", line 348, in check_drhp_compliance\n    context_aware_results = self.context_aware_generator.generate_all_queries(\n        context=drhp_context,\n        pages_dict=pages_dict\n    )\n  File \"/Users/yashmakwana/Documents/ipo-compliance-backend/context_aware_query_generators.py\", line 896, in generate_all_queries\n    results['operational'] = self.operational_generator.generate_queries(context)\n                             ~~~~~~~~~~~~~~~~~~~~~~~~~~~~~~~~~~~~~~~~~~~^^^^^^^^^\n  File \"/Users/yashmakwana/Documents/ipo-compliance-backend/context_aware_query_generators.py\", line 382, in generate_queries\n    queries.extend(self._check_license_status(context))\n                   ~~~~~~~~~~~~~~~~~~~~~~~~~~^^^^^^^^^\n  File \"/Users/yashmakwana/Documents/ipo-compliance-backend/context_aware_query_generators.py\", line 319, in _check_license_status\n    full_text = \" \".join(context.get('page_map', {}).get('licenses', [])\n                   or context.get('page_map', {}).get('business_overview', []) or [])\nTypeError: sequence item 0: expected str instance, int found\n",
  "completed_at": "2026-01-04T07:37:55.348534+00:00"
}