{
  "status": "failed",
  "job_id": "b6b2d972-674e-4d76-ad30-94e23ebf9b80",
  "user_email": "local_user@localhost",
  "drhp_chapter": "CHAPTER_V_ABOUT_COMPANY",
  "drhp_chapter_name": "CHAPTER V \u2013 ABOUT THE COMPANY",
  "regulation_type": "ICDR",
  "use_multi_agent": true,
  "use_adaptive": true,
  "initial_limit": 30,
  "max_total": 100,
  "document_name": "Eco_fuel_Systems_India_Limited_DRHP.pdf",
  "local_file_path": "uploads/b6b2d972-674e-4d76-ad30-94e23ebf9b80/Eco_fuel_Systems_India_Limited_DRHP.pdf",
  "created_at": "2026-01-01T11:33:37.690102",
  "progress": "Checking obligations adaptively (start: 30, max: 100)...",
  "mode": "MULTI_AGENT_ADAPTIVE",
  "neo4j_chapters": [
    "Chapter II"
  ],
  "mandatory_only": true,
  "started_at": "2026-01-01T11:33:37.692093",
  "error": "MultiAgentComplianceOrchestrator.check_drhp_compliance() got an unexpected keyword argument 'max_total'"
}