{
  "status": "failed",
  "job_id": "c12e062e-5715-4688-8d2b-a80f7216bd05",
  "user_email": "local_user@localhost",
  "drhp_chapter": "CHAPTER_V_ABOUT_COMPANY",
  "drhp_chapter_name": "CHAPTER V \u2013 ABOUT THE COMPANY",
  "regulation_type": "ICDR",
  "use_multi_agent": true,
  "initial_limit": 30,
  "document_name": "tri_business.pdf",
  "local_file_path": "uploads/c12e062e-5715-4688-8d2b-a80f7216bd05/tri_business.pdf",
  "created_at": "2026-01-04T07:19:37.391195+00:00",
  "progress": "Processing with NSE-aligned orchestrator (IPO applicability filtering enabled)...",
  "mode": "NSE_ALIGNED_PRODUCTION",
  "neo4j_chapters": [
    "Chapter II"
  ],
  "mandatory_only": true,
  "started_at": "2026-01-04T07:19:37.392360+00:00",
  "error": "'AdvancedIntelligenceLayers' object has no attribute 'run_all_dimensions'",
  "error_traceback": "Traceback (most recent call last):\n  File \"/Users/yashmakwana/Documents/ipo-compliance-backend/main_local.py\", line 302, in process_compliance_check\n    result = multi_agent_orchestrator.check_drhp_compliance(\n        drhp_file_path=file_path,\n    ...<5 lines>...\n        output_format=\"structured\"\n    )\n  File \"/Users/yashmakwana/Documents/ipo-compliance-backend/multi_agent_orchestrator.py\", line 328, in check_drhp_compliance\n    advanced_results = self.advanced_layers.run_all_dimensions(pages_dict)\n                       ^^^^^^^^^^^^^^^^^^^^^^^^^^^^^^^^^^^^^^^\nAttributeError: 'AdvancedIntelligenceLayers' object has no attribute 'run_all_dimensions'\n",
  "completed_at": "2026-01-04T07:20:44.828205+00:00"
}